hour,date,fact_value,predict_value
0,01.01.2018,25049.625,0.0
0,02.01.2018,25826.583333333332,0.0
0,03.01.2018,26456.5,0.0
0,04.01.2018,26808.875,0.0
0,05.01.2018,27335.458333333332,0.0
0,06.01.2018,27281.458333333332,0.0
0,07.01.2018,26498.666666666668,0.0
0,08.01.2018,27796.625,0.0
0,09.01.2018,29965.166666666668,0.0
0,10.01.2018,30359.833333333332,0.0
0,11.01.2018,30728.875,0.0
0,12.01.2018,31121.125,0.0
0,13.01.2018,30011.833333333332,0.0
0,14.01.2018,29571.875,0.0
0,15.01.2018,31472.75,0.0
0,16.01.2018,31608.291666666668,0.0
0,17.01.2018,31786.875,0.0
0,18.01.2018,31943.166666666668,0.0
0,19.01.2018,31812.25,0.0
0,20.01.2018,30654.625,0.0
0,21.01.2018,29817.208333333332,0.0
0,22.01.2018,31934.458333333332,0.0
0,23.01.2018,32438.0,0.0
0,24.01.2018,32395.875,0.0
0,25.01.2018,32493.75,0.0
0,26.01.2018,32454.416666666668,0.0
0,27.01.2018,30740.125,0.0
0,28.01.2018,30147.25,0.0
0,29.01.2018,31955.416666666668,0.0
0,30.01.2018,31659.916666666668,0.0
0,31.01.2018,31468.666666666668,0.0
0,01.02.2018,31784.291666666668,0.0
0,02.02.2018,31921.541666666668,0.0
0,03.02.2018,29882.25,0.0
0,04.02.2018,29409.083333333332,0.0
0,05.02.2018,31854.125,0.0
0,06.02.2018,32281.541666666668,0.0
0,07.02.2018,32496.5,0.0
0,08.02.2018,32306.583333333332,0.0
0,09.02.2018,32014.375,0.0
0,10.02.2018,30509.916666666668,0.0
0,11.02.2018,29752.041666666668,0.0
0,12.02.2018,31520.041666666668,0.0
0,13.02.2018,32068.416666666668,0.0
0,14.02.2018,32342.833333333332,0.0
0,15.02.2018,32363.125,0.0
0,16.02.2018,32168.0,0.0
0,17.02.2018,30427.25,0.0
0,18.02.2018,29689.125,0.0
0,19.02.2018,31345.5,0.0
0,20.02.2018,31694.333333333332,0.0
0,21.02.2018,32396.916666666668,0.0
0,22.02.2018,32435.541666666668,0.0
0,23.02.2018,31022.041666666668,0.0
0,24.02.2018,31069.083333333332,0.0
0,25.02.2018,31095.0,0.0
0,26.02.2018,33276.875,0.0
0,27.02.2018,33638.791666666664,0.0
0,28.02.2018,33741.958333333336,0.0
0,01.03.2018,33240.833333333336,0.0
0,02.03.2018,32944.375,0.0
0,03.03.2018,31396.291666666668,0.0
0,04.03.2018,30718.0,0.0
0,05.03.2018,32315.166666666668,0.0
0,06.03.2018,32390.125,0.0
0,07.03.2018,31951.333333333332,0.0
0,08.03.2018,29451.041666666668,0.0
0,09.03.2018,29680.75,0.0
0,10.03.2018,29868.875,0.0
0,11.03.2018,29491.916666666668,0.0
0,12.03.2018,31339.708333333332,0.0
0,13.03.2018,31071.666666666668,0.0
0,14.03.2018,31018.916666666668,0.0
0,15.03.2018,31233.083333333332,0.0
0,16.03.2018,31294.583333333332,0.0
0,17.03.2018,30466.708333333332,0.0
0,18.03.2018,29906.75,0.0
0,19.03.2018,31229.958333333332,0.0
0,20.03.2018,30766.291666666668,0.0
0,21.03.2018,30656.791666666668,0.0
0,22.03.2018,30365.958333333332,0.0
0,23.03.2018,30390.541666666668,0.0
0,24.03.2018,28641.125,0.0
0,25.03.2018,28079.75,0.0
0,26.03.2018,29624.666666666668,0.0
0,27.03.2018,29858.5,0.0
0,28.03.2018,30119.291666666668,0.0
0,29.03.2018,30188.208333333332,0.0
0,30.03.2018,30069.708333333332,0.0
0,31.03.2018,28711.958333333332,0.0
0,01.04.2018,27629.083333333332,0.0
0,02.04.2018,29040.625,0.0
0,03.04.2018,28958.583333333332,0.0
0,04.04.2018,28629.333333333332,0.0
0,05.04.2018,28219.791666666668,0.0
0,06.04.2018,27809.291666666668,0.0
0,07.04.2018,26492.083333333332,0.0
0,08.04.2018,25183.958333333332,0.0
0,09.04.2018,26750.916666666668,0.0
0,10.04.2018,26591.375,0.0
0,11.04.2018,27249.25,0.0
0,12.04.2018,27216.166666666668,0.0
0,13.04.2018,27050.625,0.0
0,14.04.2018,25683.333333333332,0.0
0,15.04.2018,24755.875,0.0
0,16.04.2018,25915.041666666668,0.0
0,17.04.2018,25689.0,0.0
0,18.04.2018,26566.291666666668,0.0
0,19.04.2018,26615.708333333332,0.0
0,20.04.2018,26195.791666666668,0.0
0,21.04.2018,24748.75,0.0
0,22.04.2018,25083.958333333332,0.0
0,23.04.2018,26674.291666666668,0.0
0,24.04.2018,26568.541666666668,0.0
0,25.04.2018,26522.416666666668,0.0
0,26.04.2018,26600.958333333332,0.0
0,27.04.2018,26178.333333333332,0.0
0,28.04.2018,25523.083333333332,0.0
0,29.04.2018,23699.416666666668,0.0
0,30.04.2018,23261.708333333332,0.0
0,01.05.2018,22357.666666666668,0.0
0,02.05.2018,22496.416666666668,0.0
0,03.05.2018,23691.333333333332,0.0
0,04.05.2018,23730.416666666668,0.0
0,05.05.2018,22660.666666666668,0.0
0,06.05.2018,22401.958333333332,0.0
0,07.05.2018,23830.833333333332,0.0
0,08.05.2018,23579.541666666668,0.0
0,09.05.2018,21898.375,0.0
0,10.05.2018,23825.041666666668,0.0
0,11.05.2018,23998.666666666668,0.0
0,12.05.2018,22894.208333333332,0.0
0,13.05.2018,22350.583333333332,0.0
0,14.05.2018,23982.0,0.0
0,15.05.2018,23993.541666666668,0.0
0,16.05.2018,24041.0,0.0
0,17.05.2018,24313.291666666668,0.0
0,18.05.2018,24356.166666666668,0.0
0,19.05.2018,23126.541666666668,0.0
0,20.05.2018,22816.541666666668,0.0
0,21.05.2018,24105.166666666668,0.0
0,22.05.2018,24156.166666666668,0.0
0,23.05.2018,24039.958333333332,0.0
0,24.05.2018,23978.375,0.0
0,25.05.2018,23903.791666666668,0.0
0,26.05.2018,22725.5,0.0
0,27.05.2018,22256.291666666668,0.0
0,28.05.2018,23864.666666666668,0.0
0,29.05.2018,23910.166666666668,0.0
0,30.05.2018,23971.166666666668,0.0
0,31.05.2018,23996.041666666668,0.0
0,01.06.2018,24058.125,0.0
0,02.06.2018,22757.25,0.0
0,03.06.2018,22262.291666666668,0.0
0,04.06.2018,23920.791666666668,0.0
0,05.06.2018,23892.208333333332,0.0
0,06.06.2018,24327.958333333332,0.0
0,07.06.2018,24321.208333333332,0.0
0,08.06.2018,24606.333333333332,0.0
0,09.06.2018,24191.541666666668,0.0
0,10.06.2018,23039.791666666668,0.0
0,11.06.2018,22771.375,0.0
0,12.06.2018,22570.541666666668,0.0
0,13.06.2018,23972.041666666668,0.0
0,14.06.2018,24011.625,0.0
0,15.06.2018,24008.166666666668,0.0
0,16.06.2018,22772.541666666668,0.0
0,17.06.2018,22334.416666666668,0.0
0,18.06.2018,24041.916666666668,0.0
0,19.06.2018,23969.958333333332,0.0
0,20.06.2018,23722.708333333332,0.0
0,21.06.2018,23904.458333333332,0.0
0,22.06.2018,24556.541666666668,0.0
0,23.06.2018,23331.375,0.0
0,24.06.2018,22775.666666666668,0.0
0,25.06.2018,23939.708333333332,0.0
0,26.06.2018,24219.625,0.0
0,27.06.2018,24491.375,0.0
0,28.06.2018,24635.541666666668,0.0
0,29.06.2018,24583.375,0.0
0,30.06.2018,23321.458333333332,0.0
0,01.07.2018,22733.666666666668,0.0
0,02.07.2018,23848.791666666668,0.0
0,03.07.2018,23665.583333333332,0.0
0,04.07.2018,23767.0,0.0
0,05.07.2018,23659.333333333332,0.0
0,06.07.2018,23712.0,0.0
0,07.07.2018,22577.75,0.0
0,08.07.2018,22006.708333333332,0.0
0,09.07.2018,23586.291666666668,0.0
0,10.07.2018,23881.708333333332,0.0
0,11.07.2018,24113.0,0.0
0,12.07.2018,24121.958333333332,0.0
0,13.07.2018,24149.208333333332,0.0
0,14.07.2018,22881.958333333332,0.0
0,15.07.2018,22677.125,0.0
0,16.07.2018,24618.083333333332,0.0
0,17.07.2018,24728.458333333332,0.0
0,18.07.2018,24349.708333333332,0.0
0,19.07.2018,24301.166666666668,0.0
0,20.07.2018,24316.083333333332,0.0
0,21.07.2018,23015.958333333332,0.0
0,22.07.2018,22604.416666666668,0.0
0,23.07.2018,24076.791666666668,0.0
0,24.07.2018,24157.041666666668,0.0
0,25.07.2018,24184.583333333332,0.0
0,26.07.2018,24503.916666666668,0.0
0,27.07.2018,24843.666666666668,0.0
0,28.07.2018,23675.5,0.0
0,29.07.2018,22859.333333333332,0.0
0,30.07.2018,24300.958333333332,0.0
0,31.07.2018,24311.583333333332,0.0
0,01.08.2018,24557.75,0.0
0,02.08.2018,24655.666666666668,0.0
0,03.08.2018,24821.708333333332,0.0
0,04.08.2018,23484.625,0.0
0,05.08.2018,22977.875,0.0
0,06.08.2018,24352.333333333332,0.0
0,07.08.2018,24082.916666666668,0.0
0,08.08.2018,23915.916666666668,0.0
0,09.08.2018,24125.541666666668,0.0
0,10.08.2018,24251.958333333332,0.0
0,11.08.2018,22998.916666666668,0.0
0,12.08.2018,22700.833333333332,0.0
0,13.08.2018,24080.833333333332,0.0
0,14.08.2018,24043.958333333332,0.0
0,15.08.2018,24436.583333333332,0.0
0,16.08.2018,24373.083333333332,0.0
0,17.08.2018,24232.375,0.0
0,18.08.2018,22885.833333333332,0.0
0,19.08.2018,22541.458333333332,0.0
0,20.08.2018,24209.416666666668,0.0
0,21.08.2018,24194.625,0.0
0,22.08.2018,23917.541666666668,0.0
0,23.08.2018,24067.541666666668,0.0
0,24.08.2018,24149.458333333332,0.0
0,25.08.2018,23024.916666666668,0.0
0,26.08.2018,22710.833333333332,0.0
0,27.08.2018,24477.291666666668,0.0
0,28.08.2018,24719.083333333332,0.0
0,29.08.2018,24951.916666666668,0.0
0,30.08.2018,24847.041666666668,0.0
0,31.08.2018,24650.25,0.0
0,01.09.2018,23149.708333333332,0.0
0,02.09.2018,22859.208333333332,0.0
0,03.09.2018,24264.416666666668,0.0
0,04.09.2018,24167.5,0.0
0,05.09.2018,24468.666666666668,0.0
0,06.09.2018,24357.833333333332,0.0
0,07.09.2018,24407.458333333332,0.0
0,08.09.2018,23147.916666666668,0.0
0,09.09.2018,22887.75,0.0
0,10.09.2018,24392.25,0.0
0,11.09.2018,24569.333333333332,0.0
0,12.09.2018,24769.708333333332,0.0
0,13.09.2018,24683.0,0.0
0,14.09.2018,24604.625,0.0
0,15.09.2018,23528.75,0.0
0,16.09.2018,23471.291666666668,0.0
0,17.09.2018,24657.583333333332,0.0
0,18.09.2018,24913.875,0.0
0,19.09.2018,25030.041666666668,0.0
0,20.09.2018,24933.75,0.0
0,21.09.2018,24875.166666666668,0.0
0,22.09.2018,23665.833333333332,0.0
0,23.09.2018,23550.958333333332,0.0
0,24.09.2018,25665.666666666668,0.0
0,25.09.2018,26352.666666666668,0.0
0,26.09.2018,26488.083333333332,0.0
0,27.09.2018,27321.125,0.0
0,28.09.2018,27528.708333333332,0.0
0,29.09.2018,26299.333333333332,0.0
0,30.09.2018,25750.0,0.0
0,01.10.2018,27080.333333333332,0.0
0,02.10.2018,27407.458333333332,0.0
0,03.10.2018,27763.541666666668,0.0
0,04.10.2018,27845.416666666668,0.0
0,05.10.2018,28065.416666666668,0.0
0,06.10.2018,26694.083333333332,0.0
0,07.10.2018,25565.958333333332,0.0
0,08.10.2018,27349.625,0.0
0,09.10.2018,27523.791666666668,0.0
0,10.10.2018,27559.041666666668,0.0
0,11.10.2018,27317.541666666668,0.0
0,12.10.2018,27552.916666666668,0.0
0,13.10.2018,26232.75,0.0
0,14.10.2018,25547.083333333332,0.0
0,15.10.2018,26940.0,0.0
0,16.10.2018,26959.333333333332,0.0
0,17.10.2018,26881.5,0.0
0,18.10.2018,26919.458333333332,0.0
0,19.10.2018,27005.375,0.0
0,20.10.2018,26271.041666666668,0.0
0,21.10.2018,26109.666666666668,0.0
0,22.10.2018,27856.875,0.0
0,23.10.2018,28354.541666666668,0.0
0,24.10.2018,28649.75,0.0
0,25.10.2018,28701.166666666668,0.0
0,26.10.2018,28890.708333333332,0.0
0,27.10.2018,27708.958333333332,0.0
0,28.10.2018,27131.125,0.0
0,29.10.2018,29213.541666666668,0.0
0,30.10.2018,29601.916666666668,0.0
0,31.10.2018,29765.791666666668,0.0
0,01.11.2018,29404.916666666668,0.0
0,02.11.2018,28865.708333333332,0.0
0,03.11.2018,27493.166666666668,0.0
0,04.11.2018,26685.166666666668,0.0
0,05.11.2018,27471.083333333332,0.0
0,06.11.2018,29273.791666666668,0.0
0,07.11.2018,29423.875,0.0
0,08.11.2018,29673.333333333332,0.0
0,09.11.2018,29756.041666666668,0.0
0,10.11.2018,28631.958333333332,0.0
0,11.11.2018,28509.708333333332,0.0
0,12.11.2018,30815.333333333332,0.0
0,13.11.2018,31364.041666666668,0.0
0,14.11.2018,31465.041666666668,0.0
0,15.11.2018,31175.583333333332,0.0
0,16.11.2018,31236.875,0.0
0,17.11.2018,29880.625,0.0
0,18.11.2018,29279.458333333332,0.0
0,19.11.2018,30845.166666666668,0.0
0,20.11.2018,31231.708333333332,0.0
0,21.11.2018,31191.333333333332,0.0
0,22.11.2018,31469.0,0.0
0,23.11.2018,31278.875,0.0
0,24.11.2018,30180.041666666668,0.0
0,25.11.2018,29654.208333333332,0.0
0,26.11.2018,31435.791666666668,0.0
0,27.11.2018,31956.833333333332,0.0
0,28.11.2018,32266.958333333332,0.0
0,29.11.2018,32641.125,0.0
0,30.11.2018,33123.833333333336,0.0
0,01.12.2018,31760.166666666668,0.0
0,02.12.2018,30936.708333333332,0.0
0,03.12.2018,32616.125,0.0
0,04.12.2018,32659.958333333332,0.0
0,05.12.2018,32240.958333333332,0.0
0,06.12.2018,32075.666666666668,0.0
0,07.12.2018,32079.458333333332,0.0
0,08.12.2018,30737.541666666668,0.0
0,09.12.2018,30396.333333333332,0.0
0,10.12.2018,31751.25,0.0
0,11.12.2018,31689.5,0.0
0,12.12.2018,31667.916666666668,0.0
0,13.12.2018,31758.666666666668,0.0
0,14.12.2018,31997.666666666668,0.0
0,15.12.2018,30769.958333333332,0.0
0,16.12.2018,31123.75,0.0
0,17.12.2018,33834.125,0.0
0,18.12.2018,34007.25,0.0
0,19.12.2018,33637.083333333336,0.0
0,20.12.2018,33783.083333333336,0.0
0,21.12.2018,33815.791666666664,0.0
0,22.12.2018,31964.25,0.0
0,23.12.2018,31223.958333333332,0.0
0,24.12.2018,32888.083333333336,0.0
0,25.12.2018,32890.5,0.0
0,26.12.2018,32716.541666666668,0.0
0,27.12.2018,32655.583333333332,0.0
0,28.12.2018,32313.875,0.0
0,29.12.2018,31221.625,0.0
0,30.12.2018,29867.666666666668,0.0
0,31.12.2018,28978.583333333332,0.0
0,01.01.2019,27142.291666666668,0.0
0,02.01.2019,27797.0,0.0
0,03.01.2019,28307.875,0.0
0,04.01.2019,28661.333333333332,0.0
0,05.01.2019,28928.958333333332,0.0
0,06.01.2019,29152.375,0.0
0,07.01.2019,29255.833333333332,0.0
0,08.01.2019,30011.0,0.0
0,09.01.2019,32007.958333333332,0.0
0,10.01.2019,32287.291666666668,0.0
0,11.01.2019,32371.0,0.0
0,12.01.2019,31151.166666666668,0.0
0,13.01.2019,30212.458333333332,0.0
0,14.01.2019,31550.833333333332,0.0
0,15.01.2019,31402.541666666668,0.0
0,16.01.2019,31643.125,0.0
0,17.01.2019,31861.208333333332,0.0
0,18.01.2019,31424.625,0.0
0,19.01.2019,30146.541666666668,0.0
0,20.01.2019,30154.75,0.0
0,21.01.2019,32230.916666666668,0.0
0,22.01.2019,33139.375,0.0
0,23.01.2019,33833.125,0.0
0,24.01.2019,33684.416666666664,0.0
0,25.01.2019,33751.666666666664,0.0
0,26.01.2019,32185.875,0.0
0,27.01.2019,31156.583333333332,0.0
0,28.01.2019,32815.166666666664,0.0
0,29.01.2019,32429.875,0.0
0,30.01.2019,32213.0,0.0
0,31.01.2019,31762.25,0.0
0,01.02.2019,31807.416666666668,0.0
0,02.02.2019,30482.625,0.0
0,03.02.2019,29812.875,0.0
0,04.02.2019,30976.041666666668,0.0
0,05.02.2019,30917.791666666668,0.0
0,06.02.2019,31322.875,0.0
0,07.02.2019,31235.166666666668,0.0
0,08.02.2019,30982.5,0.0
0,09.02.2019,29787.541666666668,0.0
0,10.02.2019,29471.333333333332,0.0
0,11.02.2019,31147.583333333332,0.0
0,12.02.2019,31132.791666666668,0.0
0,13.02.2019,31044.833333333332,0.0
0,14.02.2019,31012.958333333332,0.0
0,15.02.2019,31067.5,0.0
0,16.02.2019,29209.0,0.0
0,17.02.2019,28670.375,0.0
0,18.02.2019,30635.916666666668,0.0
0,19.02.2019,30821.666666666668,0.0
0,20.02.2019,30935.291666666668,0.0
0,21.02.2019,31250.708333333332,0.0
0,22.02.2019,31737.583333333332,0.0
0,23.02.2019,30015.666666666668,0.0
0,24.02.2019,29583.416666666668,0.0
0,25.02.2019,30859.333333333332,0.0
0,26.02.2019,30707.416666666668,0.0
0,27.02.2019,30745.083333333332,0.0
0,28.02.2019,30693.666666666668,0.0
0,01.03.2019,30532.708333333332,0.0
0,02.03.2019,29583.375,0.0
0,03.03.2019,29488.833333333332,0.0
0,04.03.2019,30868.916666666668,0.0
0,05.03.2019,30378.708333333332,0.0
0,06.03.2019,30725.125,0.0
0,07.03.2019,30605.958333333332,0.0
0,08.03.2019,28616.5,0.0
0,09.03.2019,27983.083333333332,0.0
0,10.03.2019,28030.541666666668,0.0
0,11.03.2019,29853.333333333332,0.0
0,12.03.2019,29800.458333333332,0.0
0,13.03.2019,30254.166666666668,0.0
0,14.03.2019,30305.5,0.0
0,15.03.2019,30125.5,0.0
0,16.03.2019,29065.916666666668,0.0
0,17.03.2019,28336.375,0.0
0,18.03.2019,29541.041666666668,0.0
0,19.03.2019,29636.541666666668,0.0
0,20.03.2019,29310.625,0.0
0,21.03.2019,29428.416666666668,0.0
0,22.03.2019,29712.625,0.0
0,23.03.2019,28175.583333333332,0.0
0,24.03.2019,27964.875,0.0
0,25.03.2019,28953.5,0.0
0,26.03.2019,29097.541666666668,0.0
0,27.03.2019,29294.541666666668,0.0
0,28.03.2019,29391.333333333332,0.0
0,29.03.2019,29418.416666666668,0.0
0,30.03.2019,27705.583333333332,0.0
0,31.03.2019,26488.333333333332,0.0
0,01.04.2019,28232.708333333332,0.0
0,02.04.2019,28229.291666666668,0.0
0,03.04.2019,28240.083333333332,0.0
0,04.04.2019,28189.0,0.0
0,05.04.2019,28276.833333333332,0.0
0,06.04.2019,27253.083333333332,0.0
0,07.04.2019,26382.041666666668,0.0
0,08.04.2019,28086.75,0.0
0,09.04.2019,27564.333333333332,0.0
0,10.04.2019,27536.291666666668,0.0
0,11.04.2019,27299.083333333332,0.0
0,12.04.2019,27937.291666666668,0.0
0,13.04.2019,27116.916666666668,0.0
0,14.04.2019,26942.0,0.0
0,15.04.2019,28004.875,0.0
0,16.04.2019,27393.208333333332,0.0
0,17.04.2019,27210.833333333332,0.0
0,18.04.2019,27279.708333333332,0.0
0,19.04.2019,27051.708333333332,0.0
0,20.04.2019,25915.708333333332,0.0
0,21.04.2019,24964.125,0.0
0,22.04.2019,26259.916666666668,0.0
0,23.04.2019,26069.125,0.0
0,24.04.2019,25777.958333333332,0.0
0,25.04.2019,25577.875,0.0
0,26.04.2019,25072.458333333332,0.0
0,27.04.2019,23890.958333333332,0.0
0,28.04.2019,22883.625,0.0
0,29.04.2019,24903.833333333332,0.0
0,30.04.2019,24967.041666666668,0.0
0,01.05.2019,23591.75,0.0
0,02.05.2019,24111.416666666668,0.0
0,03.05.2019,23779.708333333332,0.0
0,04.05.2019,23558.25,0.0
0,05.05.2019,23177.166666666668,0.0
0,06.05.2019,24173.666666666668,0.0
0,07.05.2019,23919.375,0.0
0,08.05.2019,24006.0,0.0
0,09.05.2019,22637.541666666668,0.0
0,10.05.2019,22611.75,0.0
0,11.05.2019,22626.125,0.0
0,12.05.2019,22501.666666666668,0.0
0,13.05.2019,24065.75,0.0
0,14.05.2019,24113.166666666668,0.0
0,15.05.2019,24430.041666666668,0.0
0,16.05.2019,24251.083333333332,0.0
0,17.05.2019,24204.583333333332,0.0
0,18.05.2019,22971.666666666668,0.0
0,19.05.2019,22566.083333333332,0.0
0,20.05.2019,24090.75,0.0
0,21.05.2019,24324.833333333332,0.0
0,22.05.2019,24411.083333333332,0.0
0,23.05.2019,24465.833333333332,0.0
0,24.05.2019,24228.625,0.0
0,25.05.2019,23131.041666666668,0.0
0,26.05.2019,22625.041666666668,0.0
0,27.05.2019,24031.75,0.0
0,28.05.2019,24464.875,0.0
0,29.05.2019,24782.958333333332,0.0
0,30.05.2019,23656.083333333332,0.0
0,31.05.2019,24361.083333333332,0.0
0,01.06.2019,22946.625,0.0
0,02.06.2019,22649.458333333332,0.0
0,03.06.2019,23961.625,0.0
0,04.06.2019,24024.5,0.0
0,05.06.2019,24349.375,0.0
0,06.06.2019,24652.041666666668,0.0
0,07.06.2019,25017.875,0.0
0,08.06.2019,23699.875,0.0
0,09.06.2019,23494.916666666668,0.0
0,10.06.2019,25262.833333333332,0.0
0,11.06.2019,25119.875,0.0
0,12.06.2019,23423.083333333332,0.0
0,13.06.2019,24222.833333333332,0.0
0,14.06.2019,24387.583333333332,0.0
0,15.06.2019,23004.791666666668,0.0
0,16.06.2019,22443.166666666668,0.0
0,17.06.2019,24333.291666666668,0.0
0,18.06.2019,24701.791666666668,0.0
0,19.06.2019,24943.375,0.0
0,20.06.2019,25267.583333333332,0.0
0,21.06.2019,25591.875,0.0
0,22.06.2019,24219.958333333332,0.0
0,23.06.2019,23513.916666666668,0.0
0,24.06.2019,24962.5,0.0
0,25.06.2019,24701.75,0.0
0,26.06.2019,24555.875,0.0
0,27.06.2019,24633.0,0.0
0,28.06.2019,24657.458333333332,0.0
0,29.06.2019,23426.666666666668,0.0
0,30.06.2019,22508.833333333332,0.0
0,01.07.2019,24066.875,0.0
0,02.07.2019,24262.875,0.0
0,03.07.2019,24203.625,0.0
0,04.07.2019,24195.125,0.0
0,05.07.2019,24124.291666666668,0.0
0,06.07.2019,22875.916666666668,0.0
0,07.07.2019,22432.0,0.0
0,08.07.2019,23948.75,0.0
0,09.07.2019,24020.333333333332,0.0
0,10.07.2019,24106.375,0.0
0,11.07.2019,24169.583333333332,0.0
0,12.07.2019,24070.75,0.0
0,13.07.2019,22881.958333333332,0.0
0,14.07.2019,22482.958333333332,0.0
0,15.07.2019,23863.208333333332,0.0
0,16.07.2019,24134.25,0.0
0,17.07.2019,24178.208333333332,0.0
0,18.07.2019,24159.041666666668,0.0
0,19.07.2019,24126.958333333332,0.0
0,20.07.2019,23081.416666666668,0.0
0,21.07.2019,22710.5,0.0
0,22.07.2019,24278.25,0.0
0,23.07.2019,24247.75,0.0
0,24.07.2019,24330.625,0.0
0,25.07.2019,24300.166666666668,0.0
0,26.07.2019,24453.625,0.0
0,27.07.2019,23378.166666666668,0.0
0,28.07.2019,22930.125,0.0
0,29.07.2019,23878.416666666668,0.0
0,30.07.2019,24000.5,0.0
0,31.07.2019,24171.833333333332,0.0
0,01.08.2019,24223.791666666668,0.0
0,02.08.2019,24344.875,0.0
0,03.08.2019,23224.708333333332,0.0
0,04.08.2019,23026.083333333332,0.0
0,05.08.2019,24705.625,0.0
0,06.08.2019,24533.583333333332,0.0
0,07.08.2019,24346.583333333332,0.0
0,08.08.2019,24487.916666666668,0.0
0,09.08.2019,24569.375,0.0
0,10.08.2019,23481.458333333332,0.0
0,11.08.2019,22839.458333333332,0.0
0,12.08.2019,24272.958333333332,0.0
0,13.08.2019,24600.125,0.0
0,14.08.2019,24504.958333333332,0.0
0,15.08.2019,24608.041666666668,0.0
0,16.08.2019,24504.916666666668,0.0
0,17.08.2019,23373.041666666668,0.0
0,18.08.2019,23028.666666666668,0.0
0,19.08.2019,24288.625,0.0
0,20.08.2019,24771.583333333332,0.0
0,21.08.2019,24827.5,0.0
0,22.08.2019,24874.833333333332,0.0
0,23.08.2019,24525.333333333332,0.0
0,24.08.2019,23327.0,0.0
0,25.08.2019,22881.458333333332,0.0
0,26.08.2019,24308.541666666668,0.0
0,27.08.2019,24446.583333333332,0.0
0,28.08.2019,24416.291666666668,0.0
0,29.08.2019,24577.708333333332,0.0
0,30.08.2019,24477.541666666668,0.0
0,31.08.2019,23219.208333333332,0.0
0,01.09.2019,22907.083333333332,0.0
0,02.09.2019,24417.541666666668,0.0
0,03.09.2019,24680.791666666668,0.0
0,04.09.2019,24731.708333333332,0.0
0,05.09.2019,24931.791666666668,0.0
0,06.09.2019,24794.041666666668,0.0
0,07.09.2019,23613.666666666668,0.0
0,08.09.2019,23228.666666666668,0.0
0,09.09.2019,24729.166666666668,0.0
0,10.09.2019,24788.541666666668,0.0
0,11.09.2019,24842.333333333332,0.0
0,12.09.2019,24913.291666666668,0.0
0,13.09.2019,24889.791666666668,0.0
0,14.09.2019,23749.25,0.0
0,15.09.2019,23621.0,0.0
0,16.09.2019,25239.291666666668,0.0
0,17.09.2019,25518.458333333332,0.0
0,18.09.2019,25892.916666666668,0.0
0,19.09.2019,26380.708333333332,0.0
0,20.09.2019,26826.458333333332,0.0
0,21.09.2019,26004.125,0.0
0,22.09.2019,26225.625,0.0
0,23.09.2019,28451.708333333332,0.0
0,24.09.2019,28946.291666666668,0.0
0,25.09.2019,28945.166666666668,0.0
0,26.09.2019,28575.625,0.0
0,27.09.2019,28417.958333333332,0.0
0,28.09.2019,26923.625,0.0
0,29.09.2019,26530.958333333332,0.0
0,30.09.2019,27819.0,0.0
0,01.10.2019,27508.5,0.0
0,02.10.2019,27426.666666666668,0.0
0,03.10.2019,26966.208333333332,0.0
0,04.10.2019,27440.708333333332,0.0
0,05.10.2019,26524.5,0.0
0,06.10.2019,26853.541666666668,0.0
0,07.10.2019,28754.541666666668,0.0
0,08.10.2019,28752.75,0.0
0,09.10.2019,28822.458333333332,0.0
0,10.10.2019,28642.541666666668,0.0
0,11.10.2019,28258.291666666668,0.0
0,12.10.2019,27048.958333333332,0.0
0,13.10.2019,26354.333333333332,0.0
0,14.10.2019,27537.208333333332,0.0
0,15.10.2019,27601.291666666668,0.0
0,16.10.2019,27905.208333333332,0.0
0,17.10.2019,27680.958333333332,0.0
0,18.10.2019,27506.25,0.0
0,19.10.2019,26232.25,0.0
0,20.10.2019,25600.583333333332,0.0
0,21.10.2019,27149.875,0.0
0,22.10.2019,27435.166666666668,0.0
0,23.10.2019,27368.791666666668,0.0
0,24.10.2019,27478.708333333332,0.0
0,25.10.2019,27508.375,0.0
0,26.10.2019,26501.291666666668,0.0
0,27.10.2019,26096.5,0.0
0,28.10.2019,27558.833333333332,0.0
0,29.10.2019,28517.291666666668,0.0
0,30.10.2019,29457.041666666668,0.0
0,31.10.2019,30049.375,0.0
0,01.11.2019,30077.458333333332,0.0
0,02.11.2019,28566.708333333332,0.0
0,03.11.2019,28316.25,0.0
0,04.11.2019,27791.166666666668,0.0
0,05.11.2019,28939.791666666668,0.0
0,06.11.2019,28742.25,0.0
0,07.11.2019,28956.208333333332,0.0
0,08.11.2019,29277.5,0.0
0,09.11.2019,28402.708333333332,0.0
0,10.11.2019,27778.75,0.0
0,11.11.2019,29163.0,0.0
0,12.11.2019,29403.375,0.0
0,13.11.2019,29457.416666666668,0.0
0,14.11.2019,29695.125,0.0
0,15.11.2019,29938.458333333332,0.0
0,16.11.2019,29038.25,0.0
0,17.11.2019,28169.125,0.0
0,18.11.2019,29794.875,0.0
0,19.11.2019,30066.5,0.0
0,20.11.2019,30289.291666666668,0.0
0,21.11.2019,31120.166666666668,0.0
0,22.11.2019,31760.125,0.0
0,23.11.2019,30862.291666666668,0.0
0,24.11.2019,30288.208333333332,0.0
0,25.11.2019,32059.958333333332,0.0
0,26.11.2019,32434.458333333332,0.0
0,27.11.2019,32072.791666666668,0.0
0,28.11.2019,31933.5,0.0
0,29.11.2019,31635.625,0.0
0,30.11.2019,30038.291666666668,0.0
0,01.12.2019,29513.625,0.0
0,02.12.2019,31728.041666666668,0.0
0,03.12.2019,31967.458333333332,0.0
0,04.12.2019,32055.625,0.0
0,05.12.2019,31621.833333333332,0.0
0,06.12.2019,31389.583333333332,0.0
0,07.12.2019,30141.166666666668,0.0
0,08.12.2019,29595.333333333332,0.0
0,09.12.2019,30973.041666666668,0.0
0,10.12.2019,30942.0,0.0
0,11.12.2019,30950.791666666668,0.0
0,12.12.2019,31224.416666666668,0.0
0,13.12.2019,31328.333333333332,0.0
0,14.12.2019,30363.958333333332,0.0
0,15.12.2019,29930.666666666668,0.0
0,16.12.2019,31166.791666666668,0.0
0,17.12.2019,31119.458333333332,0.0
0,18.12.2019,31006.583333333332,0.0
0,19.12.2019,30773.583333333332,0.0
0,20.12.2019,31119.291666666668,0.0
0,21.12.2019,29997.0,0.0
0,22.12.2019,29322.375,0.0
0,23.12.2019,30558.791666666668,0.0
0,24.12.2019,30419.666666666668,0.0
0,25.12.2019,30733.375,0.0
0,26.12.2019,30792.041666666668,0.0
0,27.12.2019,30787.166666666668,0.0
0,28.12.2019,29849.166666666668,0.0
0,29.12.2019,29401.833333333332,0.0
0,30.12.2019,30307.5,0.0
0,31.12.2019,28696.833333333332,0.0
0,01.01.2020,26214.583333333332,0.0
0,02.01.2020,27023.666666666668,0.0
0,03.01.2020,27369.583333333332,0.0
0,04.01.2020,27967.083333333332,0.0
0,05.01.2020,27807.416666666668,0.0
0,06.01.2020,28103.583333333332,0.0
0,07.01.2020,27746.625,0.0
0,08.01.2020,28362.208333333332,0.0
0,09.01.2020,30074.166666666668,0.0
0,10.01.2020,30119.875,0.0
0,11.01.2020,29424.333333333332,0.0
0,12.01.2020,29278.916666666668,0.0
0,13.01.2020,30611.291666666668,0.0
0,14.01.2020,30519.708333333332,0.0
0,15.01.2020,30517.541666666668,0.0
0,16.01.2020,30537.833333333332,0.0
0,17.01.2020,30374.458333333332,0.0
0,18.01.2020,29168.75,0.0
0,19.01.2020,28890.291666666668,0.0
0,20.01.2020,30639.958333333332,0.0
0,21.01.2020,30593.208333333332,0.0
0,22.01.2020,30517.875,0.0
0,23.01.2020,31068.458333333332,0.0
0,24.01.2020,31418.958333333332,0.0
0,25.01.2020,29560.875,0.0
0,26.01.2020,29134.625,0.0
0,27.01.2020,30625.291666666668,0.0
0,28.01.2020,31221.458333333332,0.0
0,29.01.2020,30967.083333333332,0.0
0,30.01.2020,30954.958333333332,0.0
0,31.01.2020,30751.375,0.0
0,01.02.2020,29363.5,0.0
0,02.02.2020,29071.625,0.0
0,03.02.2020,30484.75,0.0
0,04.02.2020,30758.125,0.0
0,05.02.2020,31277.416666666668,0.0
0,06.02.2020,31820.041666666668,0.0
0,07.02.2020,32165.083333333332,0.0
0,08.02.2020,31083.541666666668,0.0
0,09.02.2020,30339.791666666668,0.0
0,10.02.2020,31326.708333333332,0.0
0,11.02.2020,31634.75,0.0
0,12.02.2020,31257.833333333332,0.0
0,13.02.2020,31259.0,0.0
0,14.02.2020,31084.958333333332,0.0
0,15.02.2020,29595.25,0.0
0,16.02.2020,29358.5,0.0
0,17.02.2020,30639.708333333332,0.0
0,18.02.2020,30417.291666666668,0.0
0,19.02.2020,30301.958333333332,0.0
0,20.02.2020,30155.041666666668,0.0
0,21.02.2020,30060.208333333332,0.0
0,22.02.2020,28678.625,0.0
0,23.02.2020,28411.75,0.0
0,24.02.2020,28394.833333333332,0.0
0,25.02.2020,29805.375,0.0
0,26.02.2020,30458.333333333332,0.0
0,27.02.2020,30276.916666666668,0.0
0,28.02.2020,30105.833333333332,0.0
0,29.02.2020,28837.791666666668,0.0
0,01.03.2020,28321.125,0.0
0,02.03.2020,30007.25,0.0
0,03.03.2020,30050.125,0.0
0,04.03.2020,29867.125,0.0
0,05.03.2020,29762.458333333332,0.0
0,06.03.2020,29599.666666666668,0.0
0,07.03.2020,27832.166666666668,0.0
0,08.03.2020,26853.083333333332,0.0
0,09.03.2020,27154.916666666668,0.0
0,10.03.2020,28773.333333333332,0.0
0,11.03.2020,28800.125,0.0
0,12.03.2020,28743.583333333332,0.0
0,13.03.2020,29065.541666666668,0.0
0,14.03.2020,27884.166666666668,0.0
0,15.03.2020,28214.916666666668,0.0
0,16.03.2020,29575.583333333332,0.0
0,17.03.2020,29067.416666666668,0.0
0,18.03.2020,28858.0,0.0
0,19.03.2020,28655.291666666668,0.0
0,20.03.2020,28850.041666666668,0.0
0,21.03.2020,28325.541666666668,0.0
0,22.03.2020,28190.458333333332,0.0
0,23.03.2020,29855.458333333332,0.0
0,24.03.2020,29636.208333333332,0.0
0,25.03.2020,29143.333333333332,0.0
0,26.03.2020,28543.25,0.0
0,27.03.2020,28026.25,0.0
0,28.03.2020,26286.083333333332,0.0
0,29.03.2020,25627.541666666668,0.0
0,30.03.2020,26665.666666666668,0.0
0,31.03.2020,27291.666666666668,0.0
0,01.04.2020,26807.583333333332,0.0
0,02.04.2020,26700.083333333332,0.0
0,03.04.2020,26261.0,0.0
0,04.04.2020,25673.208333333332,0.0
0,05.04.2020,25949.25,0.0
0,06.04.2020,26731.916666666668,0.0
0,07.04.2020,26327.208333333332,0.0
0,08.04.2020,26324.416666666668,0.0
0,09.04.2020,25920.416666666668,0.0
0,10.04.2020,26192.5,0.0
0,11.04.2020,26058.166666666668,0.0
0,12.04.2020,25607.625,0.0
0,13.04.2020,26144.916666666668,0.0
0,14.04.2020,26196.416666666668,0.0
0,15.04.2020,26514.333333333332,0.0
0,16.04.2020,27032.208333333332,0.0
0,17.04.2020,26746.458333333332,0.0
0,18.04.2020,26104.625,0.0
0,19.04.2020,25022.291666666668,0.0
0,20.04.2020,26296.833333333332,0.0
0,21.04.2020,26148.375,0.0
0,22.04.2020,26059.625,0.0
0,23.04.2020,25915.625,0.0
0,24.04.2020,26019.625,0.0
0,25.04.2020,25153.541666666668,0.0
0,26.04.2020,24523.125,0.0
0,27.04.2020,25668.666666666668,0.0
0,28.04.2020,25520.208333333332,0.0
0,29.04.2020,25602.791666666668,0.0
0,30.04.2020,25206.75,0.0
0,01.05.2020,23775.75,0.0
0,02.05.2020,23313.791666666668,0.0
0,03.05.2020,22567.666666666668,0.0
0,04.05.2020,22678.0,0.0
0,05.05.2020,22440.916666666668,0.0
0,06.05.2020,22794.791666666668,0.0
0,07.05.2020,22573.291666666668,0.0
0,08.05.2020,22844.583333333332,0.0
0,09.05.2020,21913.458333333332,0.0
0,10.05.2020,21979.541666666668,0.0
0,11.05.2020,21874.5,0.0
0,12.05.2020,22900.208333333332,0.0
0,13.05.2020,23855.125,0.0
0,14.05.2020,24150.083333333332,0.0
0,15.05.2020,24157.375,0.0
0,16.05.2020,23370.0,0.0
0,17.05.2020,22991.166666666668,0.0
0,18.05.2020,24665.166666666668,0.0
0,19.05.2020,24883.333333333332,0.0
0,20.05.2020,24876.833333333332,0.0
0,21.05.2020,25397.5,0.0
0,22.05.2020,25663.166666666668,0.0
0,23.05.2020,24714.458333333332,0.0
0,24.05.2020,24188.791666666668,0.0
0,25.05.2020,24645.916666666668,0.0
0,26.05.2020,24296.583333333332,0.0
0,27.05.2020,24125.375,0.0
0,28.05.2020,23623.375,0.0
0,29.05.2020,24240.958333333332,0.0
0,30.05.2020,22656.0,0.0
0,31.05.2020,22907.833333333332,0.0
0,01.06.2020,24573.041666666668,0.0
0,02.06.2020,24678.166666666668,0.0
0,03.06.2020,24775.125,0.0
0,04.06.2020,24301.208333333332,0.0
0,05.06.2020,23980.0,0.0
0,06.06.2020,22598.125,0.0
0,07.06.2020,21849.5,0.0
0,08.06.2020,23259.666666666668,0.0
0,09.06.2020,23433.25,0.0
0,10.06.2020,23695.125,0.0
0,11.06.2020,23792.125,0.0
0,12.06.2020,22407.208333333332,0.0
0,13.06.2020,22094.625,0.0
0,14.06.2020,21735.541666666668,0.0
0,15.06.2020,23119.375,0.0
0,16.06.2020,23528.0,0.0
0,17.06.2020,24001.791666666668,0.0
0,18.06.2020,24063.916666666668,0.0
0,19.06.2020,24191.375,0.0
0,20.06.2020,22854.458333333332,0.0
0,21.06.2020,22091.875,0.0
0,22.06.2020,23503.916666666668,0.0
0,23.06.2020,23529.083333333332,0.0
0,24.06.2020,22745.583333333332,0.0
0,25.06.2020,23733.541666666668,0.0
0,26.06.2020,24008.791666666668,0.0
0,27.06.2020,23073.125,0.0
0,28.06.2020,22564.958333333332,0.0
0,29.06.2020,23614.375,0.0
0,30.06.2020,23640.958333333332,0.0
0,01.07.2020,22769.791666666668,0.0
0,02.07.2020,23839.125,0.0
0,03.07.2020,24223.541666666668,0.0
0,04.07.2020,23134.583333333332,0.0
0,05.07.2020,22703.541666666668,0.0
0,06.07.2020,24531.25,0.0
0,07.07.2020,24974.458333333332,0.0
0,08.07.2020,24705.166666666668,0.0
0,09.07.2020,23807.166666666668,0.0
0,10.07.2020,23718.875,0.0
0,11.07.2020,22821.625,0.0
0,12.07.2020,22646.875,0.0
0,13.07.2020,24008.166666666668,0.0
0,14.07.2020,23965.916666666668,0.0
0,15.07.2020,23812.75,0.0
0,16.07.2020,23832.541666666668,0.0
0,17.07.2020,23642.416666666668,0.0
0,18.07.2020,22616.125,0.0
0,19.07.2020,22245.0,0.0
0,20.07.2020,23753.041666666668,0.0
0,21.07.2020,23700.666666666668,0.0
0,22.07.2020,23806.166666666668,0.0
0,23.07.2020,23691.75,0.0
0,24.07.2020,23752.0,0.0
0,25.07.2020,22657.125,0.0
0,26.07.2020,22312.875,0.0
0,27.07.2020,23871.083333333332,0.0
0,28.07.2020,24236.291666666668,0.0
0,29.07.2020,24600.125,0.0
0,30.07.2020,24249.833333333332,0.0
0,31.07.2020,23854.916666666668,0.0
0,01.08.2020,22629.75,0.0
0,02.08.2020,22280.0,0.0
0,03.08.2020,23646.458333333332,0.0
0,04.08.2020,23916.458333333332,0.0
0,05.08.2020,24209.708333333332,0.0
0,06.08.2020,24471.875,0.0
0,07.08.2020,24323.541666666668,0.0
0,08.08.2020,23123.166666666668,0.0
0,09.08.2020,22749.25,0.0
0,10.08.2020,24284.375,0.0
0,11.08.2020,24178.916666666668,0.0
0,12.08.2020,24096.666666666668,0.0
0,13.08.2020,24193.416666666668,0.0
0,14.08.2020,24124.125,0.0
0,15.08.2020,23019.75,0.0
0,16.08.2020,22634.458333333332,0.0
0,17.08.2020,23943.916666666668,0.0
0,18.08.2020,23998.125,0.0
0,19.08.2020,24016.625,0.0
0,20.08.2020,24194.0,0.0
0,21.08.2020,24238.791666666668,0.0
0,22.08.2020,23300.083333333332,0.0
0,23.08.2020,22920.5,0.0
0,24.08.2020,24374.833333333332,0.0
0,25.08.2020,24430.0,0.0
0,26.08.2020,24556.125,0.0
0,27.08.2020,24483.916666666668,0.0
0,28.08.2020,24583.0,0.0
0,29.08.2020,23335.083333333332,0.0
0,30.08.2020,23243.375,0.0
0,31.08.2020,24861.458333333332,0.0
0,01.09.2020,24405.666666666668,0.0
0,02.09.2020,24504.791666666668,0.0
0,03.09.2020,24550.458333333332,0.0
0,04.09.2020,24343.75,0.0
0,05.09.2020,23192.166666666668,0.0
0,06.09.2020,22850.583333333332,0.0
0,07.09.2020,24331.666666666668,0.0
0,08.09.2020,24418.291666666668,0.0
0,09.09.2020,24569.25,0.0
0,10.09.2020,24909.166666666668,0.0
0,11.09.2020,24785.083333333332,0.0
0,12.09.2020,23736.083333333332,0.0
0,13.09.2020,23550.416666666668,0.0
0,14.09.2020,25100.75,0.0
0,15.09.2020,25120.791666666668,0.0
0,16.09.2020,25234.666666666668,0.0
0,17.09.2020,25481.5,0.0
0,18.09.2020,25965.75,0.0
0,19.09.2020,25081.208333333332,0.0
0,20.09.2020,24692.458333333332,0.0
0,21.09.2020,26458.541666666668,0.0
0,22.09.2020,26017.625,0.0
0,23.09.2020,25869.375,0.0
0,24.09.2020,25793.333333333332,0.0
0,25.09.2020,25791.958333333332,0.0
0,26.09.2020,24650.333333333332,0.0
0,27.09.2020,24087.75,0.0
0,28.09.2020,26235.958333333332,0.0
0,29.09.2020,26345.833333333332,0.0
0,30.09.2020,26255.458333333332,0.0
0,01.10.2020,26075.208333333332,0.0
0,02.10.2020,26160.833333333332,0.0
0,03.10.2020,25309.75,0.0
0,04.10.2020,24896.208333333332,0.0
0,05.10.2020,26248.625,0.0
0,06.10.2020,26323.875,0.0
0,07.10.2020,26660.625,0.0
0,08.10.2020,26675.958333333332,0.0
0,09.10.2020,27032.125,0.0
0,10.10.2020,25859.166666666668,0.0
0,11.10.2020,25453.333333333332,0.0
0,12.10.2020,27115.583333333332,0.0
0,13.10.2020,26712.5,0.0
0,14.10.2020,26633.958333333332,0.0
0,15.10.2020,26689.0,0.0
0,16.10.2020,27629.75,0.0
0,17.10.2020,27153.208333333332,0.0
0,18.10.2020,27036.958333333332,0.0
0,19.10.2020,28559.0,0.0
0,20.10.2020,29095.125,0.0
0,21.10.2020,29289.5,0.0
0,22.10.2020,29261.166666666668,0.0
0,23.10.2020,28711.375,0.0
0,24.10.2020,27324.875,0.0
0,25.10.2020,26931.916666666668,0.0
0,26.10.2020,28456.291666666668,0.0
0,27.10.2020,28526.375,0.0
0,28.10.2020,28688.916666666668,0.0
0,29.10.2020,28746.083333333332,0.0
0,30.10.2020,29117.916666666668,0.0
0,31.10.2020,27955.666666666668,0.0
0,01.11.2020,27726.166666666668,0.0
0,02.11.2020,0.0,28594.15234375
0,03.11.2020,0.0,28046.662109375
0,04.11.2020,0.0,27503.814453125
0,05.11.2020,0.0,27999.11328125
0,06.11.2020,0.0,27274.744140625
0,07.11.2020,0.0,29762.447265625
0,08.11.2020,0.0,29382.740234375
0,09.11.2020,0.0,29211.498046875
0,10.11.2020,0.0,28505.11328125
0,11.11.2020,0.0,26274.0078125
0,12.11.2020,0.0,28233.34375
0,13.11.2020,0.0,29823.7578125
0,14.11.2020,0.0,28984.828125
0,15.11.2020,0.0,29235.35546875
0,16.11.2020,0.0,29495.818359375
0,17.11.2020,0.0,29664.380859375
0,18.11.2020,0.0,29096.541015625
0,19.11.2020,0.0,29847.0
0,20.11.2020,0.0,30669.173828125
0,21.11.2020,0.0,31379.35546875
0,22.11.2020,0.0,31379.7578125
0,23.11.2020,0.0,31835.796875
0,24.11.2020,0.0,30691.3828125
0,25.11.2020,0.0,28586.69140625
0,26.11.2020,0.0,30353.751953125
0,27.11.2020,0.0,32586.01953125
0,28.11.2020,0.0,32647.443359375
0,29.11.2020,0.0,33019.67578125
0,30.11.2020,0.0,33289.3515625
0,01.12.2020,0.0,30776.21484375
0,02.12.2020,0.0,29843.4296875
0,03.12.2020,0.0,30726.46875
0,04.12.2020,0.0,33128.79296875
0,05.12.2020,0.0,32389.51171875
0,06.12.2020,0.0,32528.556640625
0,07.12.2020,0.0,32647.556640625
0,08.12.2020,0.0,31941.759765625
0,09.12.2020,0.0,31453.904296875
0,10.12.2020,0.0,31255.392578125
0,11.12.2020,0.0,32354.18359375
0,12.12.2020,0.0,32475.375
0,13.12.2020,0.0,32470.15625
0,14.12.2020,0.0,32866.3515625
0,15.12.2020,0.0,31208.044921875
0,16.12.2020,0.0,29648.35546875
0,17.12.2020,0.0,31212.0
0,18.12.2020,0.0,31906.2578125
0,19.12.2020,0.0,32923.578125
0,20.12.2020,0.0,32242.626953125
0,21.12.2020,0.0,32642.71875
0,22.12.2020,0.0,31106.970703125
0,23.12.2020,0.0,29998.009765625
0,24.12.2020,0.0,30594.388671875
0,25.12.2020,0.0,31876.693359375
0,26.12.2020,0.0,31773.029296875
0,27.12.2020,0.0,32249.466796875
0,28.12.2020,0.0,32589.03515625
0,29.12.2020,0.0,30659.029296875
0,30.12.2020,0.0,30703.357421875
0,31.12.2020,0.0,30912.318359375
0,01.01.2021,0.0,31197.923828125
0,02.01.2021,0.0,29347.244140625
0,03.01.2021,0.0,27035.064453125
0,04.01.2021,0.0,27733.884765625
0,05.01.2021,0.0,28308.294921875
0,06.01.2021,0.0,28874.109375
0,07.01.2021,0.0,28298.974609375
0,08.01.2021,0.0,29134.3671875
0,09.01.2021,0.0,28880.498046875
0,10.01.2021,0.0,30163.888671875
0,11.01.2021,0.0,30070.376953125
0,12.01.2021,0.0,30224.16796875
0,13.01.2021,0.0,29060.296875
0,14.01.2021,0.0,29832.927734375
0,15.01.2021,0.0,31568.60546875
0,16.01.2021,0.0,30940.142578125
0,17.01.2021,0.0,31883.69140625
0,18.01.2021,0.0,31327.6640625
0,19.01.2021,0.0,30745.19921875
0,20.01.2021,0.0,30000.205078125
0,21.01.2021,0.0,30980.84375
0,22.01.2021,0.0,32834.86328125
0,23.01.2021,0.0,33587.05078125
0,24.01.2021,0.0,34059.06640625
0,25.01.2021,0.0,34118.30078125
0,26.01.2021,0.0,32608.826171875
0,27.01.2021,0.0,31381.34765625
0,28.01.2021,0.0,33014.20703125
0,29.01.2021,0.0,34182.31640625
0,30.01.2021,0.0,33303.37109375
0,31.01.2021,0.0,33984.05078125
0,01.02.2021,0.0,33953.5078125
0,02.02.2021,0.0,32889.65625
0,03.02.2021,0.0,30889.08984375
0,04.02.2021,0.0,32027.30859375
0,05.02.2021,0.0,33427.4609375
0,06.02.2021,0.0,32417.462890625
0,07.02.2021,0.0,33197.64453125
0,08.02.2021,0.0,32409.072265625
0,09.02.2021,0.0,31631.19921875
0,10.02.2021,0.0,30714.26953125
0,11.02.2021,0.0,31525.931640625
0,12.02.2021,0.0,32624.958984375
0,13.02.2021,0.0,32325.486328125
0,14.02.2021,0.0,31432.162109375
0,15.02.2021,0.0,31289.552734375
0,16.02.2021,0.0,30411.0625
0,17.02.2021,0.0,29286.720703125
0,18.02.2021,0.0,30803.5390625
0,19.02.2021,0.0,31305.884765625
0,20.02.2021,0.0,32086.212890625
0,21.02.2021,0.0,31408.40234375
0,22.02.2021,0.0,31531.4375
0,23.02.2021,0.0,30592.724609375
0,24.02.2021,0.0,29205.671875
0,25.02.2021,0.0,28076.375
0,26.02.2021,0.0,30376.6328125
0,27.02.2021,0.0,30473.330078125
0,28.02.2021,0.0,29921.61328125
0,01.03.2021,0.0,31440.171875
0,02.03.2021,0.0,29060.2109375
0,03.03.2021,0.0,28221.68359375
0,04.03.2021,0.0,29503.310546875
0,05.03.2021,0.0,31748.2578125
0,06.03.2021,0.0,30262.408203125
0,07.03.2021,0.0,31350.953125
0,08.03.2021,0.0,30228.513671875
0,09.03.2021,0.0,29053.6875
0,10.03.2021,0.0,27333.9140625
0,11.03.2021,0.0,26400.05859375
0,12.03.2021,0.0,28420.02734375
0,13.03.2021,0.0,28446.08984375
0,14.03.2021,0.0,28980.287109375
0,15.03.2021,0.0,28199.072265625
0,16.03.2021,0.0,28680.623046875
0,17.03.2021,0.0,26178.091796875
0,18.03.2021,0.0,28487.13671875
0,19.03.2021,0.0,28608.943359375
0,20.03.2021,0.0,28998.28125
0,21.03.2021,0.0,29156.375
0,22.03.2021,0.0,29417.1875
0,23.03.2021,0.0,28639.234375
0,24.03.2021,0.0,27660.013671875
0,25.03.2021,0.0,27598.8359375
0,26.03.2021,0.0,29457.2890625
0,27.03.2021,0.0,28263.505859375
0,28.03.2021,0.0,28717.3515625
0,29.03.2021,0.0,28798.87890625
0,30.03.2021,0.0,28376.46875
0,31.03.2021,0.0,27377.94140625
0,01.04.2021,0.0,29223.060546875
0,02.04.2021,0.0,30207.32421875
0,03.04.2021,0.0,29277.296875
0,04.04.2021,0.0,28707.478515625
0,05.04.2021,0.0,30553.857421875
0,06.04.2021,0.0,29653.7109375
0,07.04.2021,0.0,27446.736328125
0,08.04.2021,0.0,27366.39453125
0,09.04.2021,0.0,28463.857421875
0,10.04.2021,0.0,28678.81640625
0,11.04.2021,0.0,28250.552734375
0,12.04.2021,0.0,29303.744140625
0,13.04.2021,0.0,27566.013671875
0,14.04.2021,0.0,25047.052734375
0,15.04.2021,0.0,26345.111328125
0,16.04.2021,0.0,27374.076171875
0,17.04.2021,0.0,28316.56640625
0,18.04.2021,0.0,27598.896484375
0,19.04.2021,0.0,27569.83984375
0,20.04.2021,0.0,26237.408203125
0,21.04.2021,0.0,25443.12890625
0,22.04.2021,0.0,26462.9765625
0,23.04.2021,0.0,26529.099609375
0,24.04.2021,0.0,27267.048828125
0,25.04.2021,0.0,26415.03125
0,26.04.2021,0.0,26761.326171875
0,27.04.2021,0.0,25409.712890625
0,28.04.2021,0.0,25494.71875
0,29.04.2021,0.0,25602.408203125
0,30.04.2021,0.0,25983.884765625
0,01.05.2021,0.0,24501.212890625
0,02.05.2021,0.0,24444.416015625
0,03.05.2021,0.0,22741.794921875
0,04.05.2021,0.0,22653.85546875
0,05.05.2021,0.0,23220.455078125
0,06.05.2021,0.0,24058.369140625
0,07.05.2021,0.0,26093.595703125
0,08.05.2021,0.0,26577.69140625
0,09.05.2021,0.0,24943.40234375
0,10.05.2021,0.0,25249.97265625
0,11.05.2021,0.0,22094.8984375
0,12.05.2021,0.0,22515.1640625
0,13.05.2021,0.0,22303.037109375
0,14.05.2021,0.0,24396.21484375
0,15.05.2021,0.0,24889.29296875
0,16.05.2021,0.0,23658.755859375
0,17.05.2021,0.0,24697.21484375
0,18.05.2021,0.0,23557.486328125
0,19.05.2021,0.0,22469.22265625
0,20.05.2021,0.0,24365.748046875
0,21.05.2021,0.0,25688.21875
0,22.05.2021,0.0,24859.802734375
0,23.05.2021,0.0,24720.25
0,24.05.2021,0.0,23361.787109375
0,25.05.2021,0.0,23025.810546875
0,26.05.2021,0.0,23611.763671875
0,27.05.2021,0.0,23840.572265625
0,28.05.2021,0.0,25313.244140625
0,29.05.2021,0.0,25708.27734375
0,30.05.2021,0.0,24789.455078125
0,31.05.2021,0.0,25287.384765625
0,01.06.2021,0.0,24227.912109375
0,02.06.2021,0.0,22186.560546875
0,03.06.2021,0.0,23308.294921875
0,04.06.2021,0.0,24034.09375
0,05.06.2021,0.0,24111.068359375
0,06.06.2021,0.0,24040.53125
0,07.06.2021,0.0,24239.779296875
0,08.06.2021,0.0,24434.66796875
0,09.06.2021,0.0,23058.7890625
0,10.06.2021,0.0,23286.59765625
0,11.06.2021,0.0,24190.03515625
0,12.06.2021,0.0,23703.06640625
0,13.06.2021,0.0,24175.873046875
0,14.06.2021,0.0,21903.140625
0,15.06.2021,0.0,21589.65234375
0,16.06.2021,0.0,21959.30078125
0,17.06.2021,0.0,23078.794921875
0,18.06.2021,0.0,24034.439453125
0,19.06.2021,0.0,23743.830078125
0,20.06.2021,0.0,23972.86328125
0,21.06.2021,0.0,23466.751953125
0,22.06.2021,0.0,22534.74609375
0,23.06.2021,0.0,21783.623046875
0,24.06.2021,0.0,24119.189453125
0,25.06.2021,0.0,25211.158203125
0,26.06.2021,0.0,24321.951171875
0,27.06.2021,0.0,24075.1796875
0,28.06.2021,0.0,24977.4296875
0,29.06.2021,0.0,24108.41015625
0,30.06.2021,0.0,23022.30078125
0,01.07.2021,0.0,23667.55078125
0,02.07.2021,0.0,24016.96875
0,03.07.2021,0.0,23499.00390625
0,04.07.2021,0.0,23772.32421875
0,05.07.2021,0.0,24413.748046875
0,06.07.2021,0.0,23196.87109375
0,07.07.2021,0.0,22644.716796875
0,08.07.2021,0.0,23464.314453125
0,09.07.2021,0.0,23649.025390625
0,10.07.2021,0.0,23723.255859375
0,11.07.2021,0.0,24015.357421875
0,12.07.2021,0.0,24831.4609375
0,13.07.2021,0.0,23076.818359375
0,14.07.2021,0.0,22193.09375
0,15.07.2021,0.0,23041.7109375
0,16.07.2021,0.0,23797.603515625
0,17.07.2021,0.0,24592.234375
0,18.07.2021,0.0,24644.7265625
0,19.07.2021,0.0,24240.884765625
0,20.07.2021,0.0,23120.673828125
0,21.07.2021,0.0,22557.806640625
0,22.07.2021,0.0,23085.80859375
0,23.07.2021,0.0,24894.72265625
0,24.07.2021,0.0,23851.380859375
0,25.07.2021,0.0,24190.662109375
0,26.07.2021,0.0,24125.462890625
0,27.07.2021,0.0,22593.771484375
0,28.07.2021,0.0,22394.75
0,29.07.2021,0.0,23948.08984375
0,30.07.2021,0.0,23755.4765625
0,31.07.2021,0.0,24713.1875
0,01.08.2021,0.0,24980.0390625
0,02.08.2021,0.0,24704.697265625
0,03.08.2021,0.0,23340.25390625
0,04.08.2021,0.0,23361.451171875
0,05.08.2021,0.0,24201.04296875
0,06.08.2021,0.0,23894.279296875
0,07.08.2021,0.0,24358.69140625
0,08.08.2021,0.0,25078.5390625
0,09.08.2021,0.0,24626.53515625
0,10.08.2021,0.0,24015.3515625
0,11.08.2021,0.0,24168.40234375
0,12.08.2021,0.0,23632.904296875
0,13.08.2021,0.0,25531.498046875
0,14.08.2021,0.0,25249.556640625
0,15.08.2021,0.0,24674.203125
0,16.08.2021,0.0,24078.154296875
0,17.08.2021,0.0,23862.33984375
0,18.08.2021,0.0,22772.091796875
0,19.08.2021,0.0,22904.04296875
0,20.08.2021,0.0,25182.958984375
0,21.08.2021,0.0,24344.037109375
0,22.08.2021,0.0,23665.130859375
0,23.08.2021,0.0,24965.947265625
0,24.08.2021,0.0,24152.896484375
0,25.08.2021,0.0,22802.015625
0,26.08.2021,0.0,24214.5078125
0,27.08.2021,0.0,24023.2265625
0,28.08.2021,0.0,24104.79296875
0,29.08.2021,0.0,24665.67578125
0,30.08.2021,0.0,24474.11328125
0,31.08.2021,0.0,23333.572265625
0,01.09.2021,0.0,22523.669921875
0,02.09.2021,0.0,23364.896484375
0,03.09.2021,0.0,24186.78125
0,04.09.2021,0.0,24652.25390625
0,05.09.2021,0.0,25102.533203125
0,06.09.2021,0.0,24821.98046875
0,07.09.2021,0.0,24483.50390625
0,08.09.2021,0.0,23846.216796875
0,09.09.2021,0.0,23874.958984375
0,10.09.2021,0.0,25609.73046875
0,11.09.2021,0.0,25576.734375
0,12.09.2021,0.0,25236.5859375
0,13.09.2021,0.0,25245.3515625
0,14.09.2021,0.0,24230.3125
0,15.09.2021,0.0,22827.7578125
0,16.09.2021,0.0,24858.060546875
0,17.09.2021,0.0,25954.55859375
0,18.09.2021,0.0,25709.62109375
0,19.09.2021,0.0,26015.884765625
0,20.09.2021,0.0,24873.880859375
0,21.09.2021,0.0,24882.33984375
0,22.09.2021,0.0,24418.78515625
0,23.09.2021,0.0,23982.97265625
0,24.09.2021,0.0,24645.7734375
0,25.09.2021,0.0,25141.015625
0,26.09.2021,0.0,25812.03125
0,27.09.2021,0.0,24809.79296875
0,28.09.2021,0.0,25086.6953125
0,29.09.2021,0.0,24533.689453125
0,30.09.2021,0.0,25997.6796875
0,01.10.2021,0.0,26527.2578125
0,02.10.2021,0.0,27266.86328125
0,03.10.2021,0.0,27266.53125
0,04.10.2021,0.0,27424.94140625
0,05.10.2021,0.0,27072.087890625
0,06.10.2021,0.0,26699.1640625
0,07.10.2021,0.0,27040.841796875
0,08.10.2021,0.0,28367.84375
0,09.10.2021,0.0,28169.109375
0,10.10.2021,0.0,29509.82421875
0,11.10.2021,0.0,29494.94140625
0,12.10.2021,0.0,28725.984375
0,13.10.2021,0.0,26935.72265625
0,14.10.2021,0.0,27989.169921875
0,15.10.2021,0.0,29353.5234375
0,16.10.2021,0.0,28844.951171875
0,17.10.2021,0.0,29468.970703125
0,18.10.2021,0.0,29641.23046875
0,19.10.2021,0.0,27602.859375
0,20.10.2021,0.0,27171.84765625
0,21.10.2021,0.0,28552.876953125
0,22.10.2021,0.0,30817.94921875
0,23.10.2021,0.0,30097.599609375
0,24.10.2021,0.0,30684.037109375
0,25.10.2021,0.0,30774.734375
0,26.10.2021,0.0,30425.69921875
0,27.10.2021,0.0,28192.8203125
0,28.10.2021,0.0,30211.0859375
0,29.10.2021,0.0,29295.03125
0,30.10.2021,0.0,29146.376953125
0,31.10.2021,0.0,29952.6484375
0,01.11.2021,0.0,29762.701171875
0,02.11.2021,0.0,29141.369140625
0,03.11.2021,0.0,28376.5234375
0,04.11.2021,0.0,29592.796875
0,05.11.2021,0.0,29646.64453125
0,06.11.2021,0.0,28081.46875
0,07.11.2021,0.0,29480.015625
0,08.11.2021,0.0,29239.28125
0,09.11.2021,0.0,29206.57421875
0,10.11.2021,0.0,27461.939453125
0,11.11.2021,0.0,29346.875
0,12.11.2021,0.0,30564.91015625
0,13.11.2021,0.0,30767.935546875
0,14.11.2021,0.0,30271.419921875
0,15.11.2021,0.0,29935.392578125
0,16.11.2021,0.0,30116.591796875
0,17.11.2021,0.0,29812.701171875
0,18.11.2021,0.0,30531.2578125
0,19.11.2021,0.0,31986.705078125
0,20.11.2021,0.0,31315.791015625
0,21.11.2021,0.0,32335.0625
0,22.11.2021,0.0,32783.9140625
0,23.11.2021,0.0,30290.478515625
0,24.11.2021,0.0,30354.94921875
0,25.11.2021,0.0,30908.265625
0,26.11.2021,0.0,31722.251953125
0,27.11.2021,0.0,31850.146484375
0,28.11.2021,0.0,32971.88671875
0,29.11.2021,0.0,33224.44140625
0,30.11.2021,0.0,31518.912109375
0,01.12.2021,0.0,30392.65234375
0,02.12.2021,0.0,31178.677734375
0,03.12.2021,0.0,32876.0
0,04.12.2021,0.0,32624.609375
0,05.12.2021,0.0,32960.8359375
0,06.12.2021,0.0,33027.28515625
0,07.12.2021,0.0,31675.10546875
0,08.12.2021,0.0,30745.484375
0,09.12.2021,0.0,30303.57421875
0,10.12.2021,0.0,32106.765625
0,11.12.2021,0.0,31584.08203125
0,12.12.2021,0.0,31589.8359375
0,13.12.2021,0.0,31423.009765625
0,14.12.2021,0.0,31048.751953125
0,15.12.2021,0.0,29874.0859375
0,16.12.2021,0.0,30541.5625
0,17.12.2021,0.0,32119.96484375
0,18.12.2021,0.0,32666.876953125
0,19.12.2021,0.0,32673.31640625
0,20.12.2021,0.0,33106.51953125
0,21.12.2021,0.0,30689.33203125
0,22.12.2021,0.0,29977.474609375
0,23.12.2021,0.0,29440.138671875
0,24.12.2021,0.0,31552.45703125
0,25.12.2021,0.0,31337.458984375
0,26.12.2021,0.0,30503.22265625
0,27.12.2021,0.0,32105.720703125
0,28.12.2021,0.0,31074.44140625
0,29.12.2021,0.0,30646.646484375
0,30.12.2021,0.0,31565.947265625
0,31.12.2021,0.0,31811.447265625
0,01.01.2022,0.0,32232.220703125
0,02.01.2022,0.0,30774.7734375
0,03.01.2022,0.0,28499.22265625
0,04.01.2022,0.0,28913.33203125
0,05.01.2022,0.0,29257.236328125
0,06.01.2022,0.0,29433.85546875
0,07.01.2022,0.0,29959.265625
0,08.01.2022,0.0,30361.841796875
0,09.01.2022,0.0,30912.16015625
0,10.01.2022,0.0,30963.302734375
0,11.01.2022,0.0,31487.41796875
0,12.01.2022,0.0,29762.65625
0,13.01.2022,0.0,31630.599609375
0,14.01.2022,0.0,32808.5859375
0,15.01.2022,0.0,32455.951171875
0,16.01.2022,0.0,31318.62890625
0,17.01.2022,0.0,31993.419921875
0,18.01.2022,0.0,30908.728515625
0,19.01.2022,0.0,31274.046875
0,20.01.2022,0.0,31685.25
0,21.01.2022,0.0,32700.140625
0,22.01.2022,0.0,31899.42578125
0,23.01.2022,0.0,33840.38671875
0,24.01.2022,0.0,33556.44140625
0,25.01.2022,0.0,32567.548828125
0,26.01.2022,0.0,31868.9375
0,27.01.2022,0.0,32445.693359375
0,28.01.2022,0.0,33073.20703125
0,29.01.2022,0.0,34264.98046875
0,30.01.2022,0.0,32392.029296875
0,31.01.2022,0.0,31984.79296875
0,01.02.2022,0.0,31111.625
0,02.02.2022,0.0,30152.009765625
0,03.02.2022,0.0,30534.728515625
0,04.02.2022,0.0,30518.15625
0,05.02.2022,0.0,32451.6328125
0,06.02.2022,0.0,31813.734375
0,07.02.2022,0.0,31316.474609375
0,08.02.2022,0.0,29699.7421875
0,09.02.2022,0.0,30165.380859375
0,10.02.2022,0.0,30279.783203125
0,11.02.2022,0.0,31711.583984375
0,12.02.2022,0.0,32026.2578125
0,13.02.2022,0.0,30969.556640625
0,14.02.2022,0.0,31688.412109375
0,15.02.2022,0.0,30388.158203125
0,16.02.2022,0.0,29795.861328125
0,17.02.2022,0.0,29255.65234375
0,18.02.2022,0.0,32501.8984375
0,19.02.2022,0.0,31258.115234375
0,20.02.2022,0.0,31521.36328125
0,21.02.2022,0.0,31904.494140625
0,22.02.2022,0.0,30729.947265625
0,23.02.2022,0.0,28963.8203125
0,24.02.2022,0.0,28091.046875
0,25.02.2022,0.0,28796.818359375
0,26.02.2022,0.0,30699.099609375
0,27.02.2022,0.0,31227.501953125
0,28.02.2022,0.0,31039.390625
0,01.03.2022,0.0,29978.2734375
0,02.03.2022,0.0,28700.40625
0,03.03.2022,0.0,29214.0078125
0,04.03.2022,0.0,30552.986328125
0,05.03.2022,0.0,30858.15625
0,06.03.2022,0.0,31221.19921875
0,07.03.2022,0.0,30470.818359375
0,08.03.2022,0.0,29743.9921875
0,09.03.2022,0.0,29435.890625
0,10.03.2022,0.0,28473.82421875
0,11.03.2022,0.0,27176.28515625
0,12.03.2022,0.0,28727.912109375
0,13.03.2022,0.0,29117.6875
0,14.03.2022,0.0,29391.8671875
0,15.03.2022,0.0,28772.267578125
0,16.03.2022,0.0,28366.80078125
0,17.03.2022,0.0,28270.6015625
0,18.03.2022,0.0,29176.23828125
0,19.03.2022,0.0,30053.265625
0,20.03.2022,0.0,28414.509765625
0,21.03.2022,0.0,29773.130859375
0,22.03.2022,0.0,28759.27734375
0,23.03.2022,0.0,28793.03515625
0,24.03.2022,0.0,29413.1640625
0,25.03.2022,0.0,30977.138671875
0,26.03.2022,0.0,29798.74609375
0,27.03.2022,0.0,29810.8984375
0,28.03.2022,0.0,30343.740234375
0,29.03.2022,0.0,30064.82421875
0,30.03.2022,0.0,27683.896484375
0,31.03.2022,0.0,28384.939453125
0,01.04.2022,0.0,28870.71484375
0,02.04.2022,0.0,29329.7109375
0,03.04.2022,0.0,29151.86328125
0,04.04.2022,0.0,29254.025390625
0,05.04.2022,0.0,27635.365234375
0,06.04.2022,0.0,27860.421875
0,07.04.2022,0.0,28189.853515625
0,08.04.2022,0.0,29125.53515625
0,09.04.2022,0.0,27963.8984375
0,10.04.2022,0.0,28196.529296875
0,11.04.2022,0.0,28591.87890625
0,12.04.2022,0.0,27013.69921875
0,13.04.2022,0.0,26502.267578125
0,14.04.2022,0.0,24936.2890625
0,15.04.2022,0.0,27403.681640625
0,16.04.2022,0.0,26875.896484375
0,17.04.2022,0.0,27745.908203125
0,18.04.2022,0.0,27428.767578125
0,19.04.2022,0.0,27062.939453125
0,20.04.2022,0.0,25778.2734375
0,21.04.2022,0.0,27509.388671875
0,22.04.2022,0.0,27278.125
0,23.04.2022,0.0,27729.0703125
0,24.04.2022,0.0,27786.6640625
0,25.04.2022,0.0,28268.181640625
0,26.04.2022,0.0,27148.84765625
0,27.04.2022,0.0,25140.796875
0,28.04.2022,0.0,26544.341796875
0,29.04.2022,0.0,26413.7734375
0,30.04.2022,0.0,26190.173828125
0,01.05.2022,0.0,26324.947265625
0,02.05.2022,0.0,25969.15234375
0,03.05.2022,0.0,23834.96875
0,04.05.2022,0.0,22755.47265625
0,05.05.2022,0.0,22461.048828125
0,06.05.2022,0.0,24045.6796875
0,07.05.2022,0.0,25180.916015625
0,08.05.2022,0.0,24053.599609375
0,09.05.2022,0.0,24067.1484375
0,10.05.2022,0.0,23370.833984375
0,11.05.2022,0.0,21983.77734375
0,12.05.2022,0.0,22192.240234375
0,13.05.2022,0.0,23524.18359375
0,14.05.2022,0.0,24736.37109375
0,15.05.2022,0.0,24010.947265625
0,16.05.2022,0.0,24488.7578125
0,17.05.2022,0.0,24765.783203125
0,18.05.2022,0.0,23019.0390625
0,19.05.2022,0.0,23922.3671875
0,20.05.2022,0.0,25419.35546875
0,21.05.2022,0.0,25264.912109375
0,22.05.2022,0.0,25695.541015625
0,23.05.2022,0.0,25533.4609375
0,24.05.2022,0.0,25325.2578125
0,25.05.2022,0.0,23350.513671875
0,26.05.2022,0.0,24241.140625
0,27.05.2022,0.0,23988.96875
0,28.05.2022,0.0,24295.806640625
0,29.05.2022,0.0,24065.595703125
0,30.05.2022,0.0,24671.13671875
0,31.05.2022,0.0,24015.669921875
0,01.06.2022,0.0,22577.60546875
0,02.06.2022,0.0,23166.828125
0,03.06.2022,0.0,23814.978515625
0,04.06.2022,0.0,23066.595703125
0,05.06.2022,0.0,24444.72265625
0,06.06.2022,0.0,24241.267578125
0,07.06.2022,0.0,24163.486328125
0,08.06.2022,0.0,22660.767578125
0,09.06.2022,0.0,23136.35546875
0,10.06.2022,0.0,24467.736328125
0,11.06.2022,0.0,24498.990234375
0,12.06.2022,0.0,23896.919921875
0,13.06.2022,0.0,24806.46484375
0,14.06.2022,0.0,22101.26953125
0,15.06.2022,0.0,21930.908203125
0,16.06.2022,0.0,22972.591796875
0,17.06.2022,0.0,24380.03515625
0,18.06.2022,0.0,24588.271484375
0,19.06.2022,0.0,24968.806640625
0,20.06.2022,0.0,24617.66015625
0,21.06.2022,0.0,23805.0859375
0,22.06.2022,0.0,21851.3125
0,23.06.2022,0.0,23368.564453125
0,24.06.2022,0.0,24411.734375
0,25.06.2022,0.0,25017.12109375
0,26.06.2022,0.0,23881.71484375
0,27.06.2022,0.0,23684.4375
0,28.06.2022,0.0,23346.03515625
0,29.06.2022,0.0,22874.49609375
0,30.06.2022,0.0,23738.841796875
0,01.07.2022,0.0,24507.65234375
0,02.07.2022,0.0,24400.6796875
0,03.07.2022,0.0,22922.427734375
0,04.07.2022,0.0,24790.23046875
0,05.07.2022,0.0,23123.08984375
0,06.07.2022,0.0,22855.703125
0,07.07.2022,0.0,23526.615234375
0,08.07.2022,0.0,24244.54296875
0,09.07.2022,0.0,24184.80859375
0,10.07.2022,0.0,23535.013671875
0,11.07.2022,0.0,23874.412109375
0,12.07.2022,0.0,23057.767578125
0,13.07.2022,0.0,22089.78125
0,14.07.2022,0.0,22820.4375
0,15.07.2022,0.0,24490.85546875
0,16.07.2022,0.0,24575.42578125
0,17.07.2022,0.0,25175.888671875
0,18.07.2022,0.0,24388.685546875
0,19.07.2022,0.0,24435.7734375
0,20.07.2022,0.0,22142.572265625
0,21.07.2022,0.0,23804.6015625
0,22.07.2022,0.0,24918.015625
0,23.07.2022,0.0,24270.05078125
0,24.07.2022,0.0,25276.318359375
0,25.07.2022,0.0,23381.173828125
0,26.07.2022,0.0,24013.35546875
0,27.07.2022,0.0,22442.708984375
0,28.07.2022,0.0,23622.07421875
0,29.07.2022,0.0,23838.91796875
0,30.07.2022,0.0,24999.34375
0,31.07.2022,0.0,24534.884765625
0,01.08.2022,0.0,24533.255859375
0,02.08.2022,0.0,24337.580078125
0,03.08.2022,0.0,22946.068359375
0,04.08.2022,0.0,24572.548828125
0,05.08.2022,0.0,25631.3984375
0,06.08.2022,0.0,24089.349609375
0,07.08.2022,0.0,23284.56640625
0,08.08.2022,0.0,23697.884765625
0,09.08.2022,0.0,23378.8671875
0,10.08.2022,0.0,24502.3125
0,11.08.2022,0.0,24420.75
0,12.08.2022,0.0,25016.751953125
0,13.08.2022,0.0,25148.453125
0,14.08.2022,0.0,24773.435546875
0,15.08.2022,0.0,25002.572265625
0,16.08.2022,0.0,23754.4296875
0,17.08.2022,0.0,22673.833984375
0,18.08.2022,0.0,24341.048828125
0,19.08.2022,0.0,24705.353515625
0,20.08.2022,0.0,24137.7421875
0,21.08.2022,0.0,24886.021484375
0,22.08.2022,0.0,24721.783203125
0,23.08.2022,0.0,24073.166015625
0,24.08.2022,0.0,23215.71875
0,25.08.2022,0.0,23848.751953125
0,26.08.2022,0.0,24653.39453125
0,27.08.2022,0.0,25216.1015625
0,28.08.2022,0.0,24619.494140625
0,29.08.2022,0.0,24744.76953125
0,30.08.2022,0.0,22903.552734375
0,31.08.2022,0.0,22810.0546875
0,01.09.2022,0.0,24543.693359375
0,02.09.2022,0.0,24248.26953125
0,03.09.2022,0.0,24226.98828125
0,04.09.2022,0.0,25418.6875
0,05.09.2022,0.0,24529.541015625
0,06.09.2022,0.0,24164.55859375
0,07.09.2022,0.0,23090.392578125
0,08.09.2022,0.0,24022.361328125
0,09.09.2022,0.0,24661.849609375
0,10.09.2022,0.0,24150.728515625
0,11.09.2022,0.0,24929.220703125
0,12.09.2022,0.0,24618.130859375
0,13.09.2022,0.0,24479.005859375
0,14.09.2022,0.0,24587.787109375
0,15.09.2022,0.0,24746.712890625
0,16.09.2022,0.0,25669.646484375
0,17.09.2022,0.0,25029.62109375
0,18.09.2022,0.0,26257.3515625
0,19.09.2022,0.0,25870.34375
0,20.09.2022,0.0,25706.19921875
0,21.09.2022,0.0,24053.77734375
0,22.09.2022,0.0,25887.166015625
0,23.09.2022,0.0,27183.01953125
0,24.09.2022,0.0,27378.86328125
0,25.09.2022,0.0,27842.369140625
0,26.09.2022,0.0,27322.70703125
0,27.09.2022,0.0,26702.005859375
0,28.09.2022,0.0,24746.775390625
0,29.09.2022,0.0,25739.345703125
0,30.09.2022,0.0,27599.18359375
0,01.10.2022,0.0,27281.900390625
0,02.10.2022,0.0,27346.1015625
0,03.10.2022,0.0,27987.794921875
0,04.10.2022,0.0,25961.3046875
0,05.10.2022,0.0,26345.98828125
0,06.10.2022,0.0,26109.865234375
0,07.10.2022,0.0,26358.857421875
0,08.10.2022,0.0,27254.3515625
0,09.10.2022,0.0,28118.0078125
0,10.10.2022,0.0,28917.34375
0,11.10.2022,0.0,27744.552734375
0,12.10.2022,0.0,28419.818359375
0,13.10.2022,0.0,27947.78515625
0,14.10.2022,0.0,28851.72265625
0,15.10.2022,0.0,28949.712890625
0,16.10.2022,0.0,29881.984375
0,17.10.2022,0.0,30226.28125
0,18.10.2022,0.0,28909.85546875
0,19.10.2022,0.0,28187.3125
0,20.10.2022,0.0,28472.060546875
0,21.10.2022,0.0,29649.8359375
0,22.10.2022,0.0,29428.611328125
0,23.10.2022,0.0,30790.962890625
0,24.10.2022,0.0,30407.806640625
0,25.10.2022,0.0,29992.34765625
0,26.10.2022,0.0,28339.525390625
0,27.10.2022,0.0,28890.525390625
0,28.10.2022,0.0,30507.5546875
0,29.10.2022,0.0,30600.896484375
0,30.10.2022,0.0,31017.208984375
0,31.10.2022,0.0,30786.068359375
0,01.11.2022,0.0,29651.51171875
0,02.11.2022,0.0,28519.73828125
0,03.11.2022,0.0,29107.5234375
0,04.11.2022,0.0,30413.119140625
0,05.11.2022,0.0,30746.541015625
0,06.11.2022,0.0,29529.111328125
0,07.11.2022,0.0,29633.98828125
0,08.11.2022,0.0,29231.037109375
0,09.11.2022,0.0,29108.525390625
0,10.11.2022,0.0,29144.95703125
0,11.11.2022,0.0,30060.2890625
0,12.11.2022,0.0,31314.0
0,13.11.2022,0.0,31084.958984375
0,14.11.2022,0.0,30176.119140625
0,15.11.2022,0.0,31122.72265625
0,16.11.2022,0.0,29359.447265625
0,17.11.2022,0.0,31170.392578125
0,18.11.2022,0.0,31861.26953125
0,19.11.2022,0.0,32943.171875
0,20.11.2022,0.0,31850.029296875
0,21.11.2022,0.0,31534.310546875
0,22.11.2022,0.0,30328.703125
0,23.11.2022,0.0,29680.013671875
0,24.11.2022,0.0,31226.306640625
0,25.11.2022,0.0,31280.130859375
0,26.11.2022,0.0,31944.912109375
0,27.11.2022,0.0,31862.85546875
0,28.11.2022,0.0,32478.685546875
0,29.11.2022,0.0,31619.43359375
0,30.11.2022,0.0,29846.06640625
0,01.12.2022,0.0,31532.576171875
0,02.12.2022,0.0,33266.20703125
0,03.12.2022,0.0,32777.4375
0,04.12.2022,0.0,32537.796875
0,05.12.2022,0.0,32927.15234375
0,06.12.2022,0.0,32055.564453125
0,07.12.2022,0.0,30620.13671875
0,08.12.2022,0.0,31744.736328125
0,09.12.2022,0.0,32267.142578125
0,10.12.2022,0.0,32877.6953125
0,11.12.2022,0.0,31855.19140625
0,12.12.2022,0.0,33246.58203125
0,13.12.2022,0.0,31680.61328125
0,14.12.2022,0.0,30983.119140625
0,15.12.2022,0.0,32290.763671875
0,16.12.2022,0.0,32744.263671875
0,17.12.2022,0.0,32518.9765625
0,18.12.2022,0.0,33474.21875
0,19.12.2022,0.0,33399.8203125
0,20.12.2022,0.0,32728.98828125
0,21.12.2022,0.0,30667.873046875
0,22.12.2022,0.0,32119.216796875
0,23.12.2022,0.0,32098.41796875
0,24.12.2022,0.0,32316.318359375
0,25.12.2022,0.0,32093.0234375
0,26.12.2022,0.0,31659.517578125
0,27.12.2022,0.0,30460.193359375
0,28.12.2022,0.0,29600.873046875
0,29.12.2022,0.0,30085.05078125
0,30.12.2022,0.0,31192.435546875
0,31.12.2022,0.0,31557.08984375
0,01.01.2023,0.0,31326.92578125
0,02.01.2023,0.0,31437.626953125
0,03.01.2023,0.0,28328.986328125
0,04.01.2023,0.0,27432.98828125
0,05.01.2023,0.0,28564.01953125
0,06.01.2023,0.0,29668.875
0,07.01.2023,0.0,30071.677734375
0,08.01.2023,0.0,30847.029296875
0,09.01.2023,0.0,30951.296875
0,10.01.2023,0.0,31628.87109375
0,11.01.2023,0.0,31749.94140625
0,12.01.2023,0.0,33148.0546875
0,13.01.2023,0.0,33623.0859375
0,14.01.2023,0.0,32746.6796875
0,15.01.2023,0.0,32965.16796875
0,16.01.2023,0.0,32931.8984375
0,17.01.2023,0.0,32331.193359375
0,18.01.2023,0.0,30479.576171875
0,19.01.2023,0.0,32257.5234375
0,20.01.2023,0.0,32427.181640625
0,21.01.2023,0.0,32626.9453125
0,22.01.2023,0.0,33452.57421875
0,23.01.2023,0.0,33041.87890625
0,24.01.2023,0.0,32159.251953125
0,25.01.2023,0.0,31366.287109375
0,26.01.2023,0.0,31552.19140625
0,27.01.2023,0.0,33204.08203125
0,28.01.2023,0.0,33691.1640625
0,29.01.2023,0.0,33221.87890625
0,30.01.2023,0.0,32585.0234375
0,31.01.2023,0.0,31420.19140625
0,01.02.2023,0.0,30466.53515625
0,02.02.2023,0.0,31740.5390625
0,03.02.2023,0.0,32485.73046875
0,04.02.2023,0.0,32643.173828125
0,05.02.2023,0.0,31813.02734375
0,06.02.2023,0.0,32685.435546875
0,07.02.2023,0.0,31672.703125
0,08.02.2023,0.0,31348.248046875
0,09.02.2023,0.0,31889.779296875
0,10.02.2023,0.0,32316.103515625
0,11.02.2023,0.0,33140.1953125
0,12.02.2023,0.0,32845.8125
0,13.02.2023,0.0,32930.84375
0,14.02.2023,0.0,30766.95703125
0,15.02.2023,0.0,30868.24609375
0,16.02.2023,0.0,31776.13671875
0,17.02.2023,0.0,31371.484375
0,18.02.2023,0.0,31874.361328125
0,19.02.2023,0.0,31445.6015625
0,20.02.2023,0.0,32489.345703125
0,21.02.2023,0.0,31675.013671875
0,22.02.2023,0.0,30189.931640625
0,23.02.2023,0.0,30806.474609375
0,24.02.2023,0.0,30614.087890625
0,25.02.2023,0.0,30055.841796875
0,26.02.2023,0.0,30314.02734375
0,27.02.2023,0.0,30522.98828125
0,28.02.2023,0.0,29513.14453125
0,01.03.2023,0.0,29527.798828125
0,02.03.2023,0.0,30399.6484375
0,03.03.2023,0.0,29736.234375
0,04.03.2023,0.0,29972.55078125
0,05.03.2023,0.0,29997.3671875
0,06.03.2023,0.0,30559.005859375
0,07.03.2023,0.0,29318.947265625
0,08.03.2023,0.0,28253.734375
0,09.03.2023,0.0,30632.263671875
0,10.03.2023,0.0,29311.466796875
0,11.03.2023,0.0,27954.69921875
0,12.03.2023,0.0,30062.462890625
0,13.03.2023,0.0,29696.353515625
0,14.03.2023,0.0,29283.005859375
0,15.03.2023,0.0,27676.09375
0,16.03.2023,0.0,28698.1796875
0,17.03.2023,0.0,30408.798828125
0,18.03.2023,0.0,29540.396484375
0,19.03.2023,0.0,29632.955078125
0,20.03.2023,0.0,30349.462890625
0,21.03.2023,0.0,28167.8359375
0,22.03.2023,0.0,28602.251953125
0,23.03.2023,0.0,29381.349609375
0,24.03.2023,0.0,29632.1171875
0,25.03.2023,0.0,29327.55078125
0,26.03.2023,0.0,29630.994140625
0,27.03.2023,0.0,29399.978515625
0,28.03.2023,0.0,28552.33203125
0,29.03.2023,0.0,28244.19140625
0,30.03.2023,0.0,28895.58203125
0,31.03.2023,0.0,30085.83203125
0,01.04.2023,0.0,29415.443359375
0,02.04.2023,0.0,29537.322265625
0,03.04.2023,0.0,29588.517578125
0,04.04.2023,0.0,28633.1015625
0,05.04.2023,0.0,28143.84765625
0,06.04.2023,0.0,27822.201171875
0,07.04.2023,0.0,28735.146484375
0,08.04.2023,0.0,28548.96484375
0,09.04.2023,0.0,27501.3515625
0,10.04.2023,0.0,26458.353515625
0,11.04.2023,0.0,27401.5234375
0,12.04.2023,0.0,27142.509765625
0,13.04.2023,0.0,27079.265625
0,14.04.2023,0.0,28153.515625
0,15.04.2023,0.0,27832.34765625
0,16.04.2023,0.0,27703.298828125
0,17.04.2023,0.0,27308.3203125
0,18.04.2023,0.0,25878.900390625
0,19.04.2023,0.0,25260.916015625
0,20.04.2023,0.0,28076.015625
0,21.04.2023,0.0,28094.580078125
0,22.04.2023,0.0,27690.208984375
0,23.04.2023,0.0,27568.044921875
0,24.04.2023,0.0,29086.64453125
0,25.04.2023,0.0,27806.6328125
0,26.04.2023,0.0,26281.78515625
0,27.04.2023,0.0,27544.474609375
0,28.04.2023,0.0,27408.25
0,29.04.2023,0.0,27812.21484375
0,30.04.2023,0.0,26912.865234375
0,01.05.2023,0.0,26956.509765625
0,02.05.2023,0.0,25199.78125
0,03.05.2023,0.0,23977.2421875
0,04.05.2023,0.0,23959.240234375
0,05.05.2023,0.0,23793.591796875
0,06.05.2023,0.0,24298.779296875
0,07.05.2023,0.0,24794.765625
0,08.05.2023,0.0,25245.072265625
0,09.05.2023,0.0,23979.923828125
0,10.05.2023,0.0,22288.94921875
0,11.05.2023,0.0,23431.779296875
0,12.05.2023,0.0,23428.26953125
0,13.05.2023,0.0,26347.275390625
0,14.05.2023,0.0,25912.08203125
0,15.05.2023,0.0,26536.677734375
0,16.05.2023,0.0,25522.78515625
0,17.05.2023,0.0,23683.708984375
0,18.05.2023,0.0,24673.09765625
0,19.05.2023,0.0,26909.064453125
0,20.05.2023,0.0,25770.0703125
0,21.05.2023,0.0,26074.708984375
0,22.05.2023,0.0,25500.263671875
0,23.05.2023,0.0,23804.478515625
0,24.05.2023,0.0,23735.2109375
0,25.05.2023,0.0,24655.6640625
0,26.05.2023,0.0,25526.650390625
0,27.05.2023,0.0,26129.84375
0,28.05.2023,0.0,25017.728515625
0,29.05.2023,0.0,25166.005859375
0,30.05.2023,0.0,24167.4921875
0,31.05.2023,0.0,23419.103515625
0,01.06.2023,0.0,23660.99609375
0,02.06.2023,0.0,23946.689453125
0,03.06.2023,0.0,24413.947265625
0,04.06.2023,0.0,24457.359375
0,05.06.2023,0.0,25128.9375
0,06.06.2023,0.0,24264.958984375
0,07.06.2023,0.0,23184.572265625
0,08.06.2023,0.0,23605.5703125
0,09.06.2023,0.0,24563.25
0,10.06.2023,0.0,25418.220703125
0,11.06.2023,0.0,24768.443359375
0,12.06.2023,0.0,24948.671875
0,13.06.2023,0.0,24634.369140625
0,14.06.2023,0.0,24347.212890625
0,15.06.2023,0.0,22626.619140625
0,16.06.2023,0.0,24536.8203125
0,17.06.2023,0.0,24354.84765625
0,18.06.2023,0.0,24966.537109375
0,19.06.2023,0.0,25369.92578125
0,20.06.2023,0.0,24632.490234375
0,21.06.2023,0.0,22949.9140625
0,22.06.2023,0.0,24276.05859375
0,23.06.2023,0.0,24895.330078125
0,24.06.2023,0.0,25192.935546875
0,25.06.2023,0.0,24994.205078125
0,26.06.2023,0.0,25863.330078125
0,27.06.2023,0.0,24128.72265625
0,28.06.2023,0.0,22304.986328125
0,29.06.2023,0.0,25164.517578125
0,30.06.2023,0.0,25279.708984375
0,01.07.2023,0.0,25131.458984375
0,02.07.2023,0.0,24613.552734375
0,03.07.2023,0.0,24469.4609375
0,04.07.2023,0.0,24259.740234375
0,05.07.2023,0.0,23863.09375
0,06.07.2023,0.0,24131.482421875
0,07.07.2023,0.0,24710.7109375
0,08.07.2023,0.0,23914.830078125
0,09.07.2023,0.0,24395.884765625
0,10.07.2023,0.0,24703.544921875
0,11.07.2023,0.0,22657.275390625
0,12.07.2023,0.0,22892.8359375
0,13.07.2023,0.0,23003.185546875
0,14.07.2023,0.0,24597.89453125
0,15.07.2023,0.0,24861.212890625
0,16.07.2023,0.0,24610.904296875
0,17.07.2023,0.0,24942.388671875
0,18.07.2023,0.0,24661.693359375
0,19.07.2023,0.0,23606.662109375
0,20.07.2023,0.0,24025.798828125
0,21.07.2023,0.0,24961.994140625
0,22.07.2023,0.0,24693.12890625
0,23.07.2023,0.0,24563.71484375
0,24.07.2023,0.0,24314.552734375
0,25.07.2023,0.0,22917.908203125
0,26.07.2023,0.0,23283.990234375
0,27.07.2023,0.0,23652.15234375
0,28.07.2023,0.0,25085.44921875
0,29.07.2023,0.0,25797.501953125
0,30.07.2023,0.0,25046.48828125
0,31.07.2023,0.0,24758.544921875
0,01.08.2023,0.0,24044.30859375
0,02.08.2023,0.0,23222.6015625
0,03.08.2023,0.0,23676.4296875
0,04.08.2023,0.0,24812.5625
0,05.08.2023,0.0,25233.802734375
0,06.08.2023,0.0,25295.8515625
0,07.08.2023,0.0,25599.580078125
0,08.08.2023,0.0,24300.318359375
0,09.08.2023,0.0,24276.42578125
0,10.08.2023,0.0,24192.58984375
0,11.08.2023,0.0,24450.919921875
0,12.08.2023,0.0,24592.2578125
0,13.08.2023,0.0,24597.984375
0,14.08.2023,0.0,24595.03125
0,15.08.2023,0.0,24296.751953125
0,16.08.2023,0.0,24089.0546875
0,17.08.2023,0.0,24517.392578125
0,18.08.2023,0.0,24328.09375
0,19.08.2023,0.0,24687.71875
0,20.08.2023,0.0,24733.76953125
0,21.08.2023,0.0,25153.6328125
0,22.08.2023,0.0,24047.439453125
0,23.08.2023,0.0,24186.853515625
0,24.08.2023,0.0,24865.48828125
0,25.08.2023,0.0,26303.701171875
0,26.08.2023,0.0,26091.521484375
0,27.08.2023,0.0,25896.1875
0,28.08.2023,0.0,24860.9921875
0,29.08.2023,0.0,23757.541015625
0,30.08.2023,0.0,23703.046875
0,31.08.2023,0.0,24287.47265625
0,01.09.2023,0.0,24932.345703125
0,02.09.2023,0.0,24245.23828125
0,03.09.2023,0.0,25249.447265625
0,04.09.2023,0.0,24408.763671875
0,05.09.2023,0.0,23053.291015625
0,06.09.2023,0.0,23474.849609375
0,07.09.2023,0.0,24805.5625
0,08.09.2023,0.0,26412.361328125
0,09.09.2023,0.0,26028.251953125
0,10.09.2023,0.0,25146.001953125
0,11.09.2023,0.0,25931.50390625
0,12.09.2023,0.0,24111.05078125
0,13.09.2023,0.0,23755.81640625
0,14.09.2023,0.0,24957.51953125
0,15.09.2023,0.0,25737.40625
0,16.09.2023,0.0,25043.1953125
0,17.09.2023,0.0,25301.41796875
0,18.09.2023,0.0,26177.978515625
0,19.09.2023,0.0,25565.5
0,20.09.2023,0.0,24562.265625
0,21.09.2023,0.0,25720.740234375
0,22.09.2023,0.0,26161.86328125
0,23.09.2023,0.0,27211.224609375
0,24.09.2023,0.0,27532.47265625
0,25.09.2023,0.0,28201.365234375
0,26.09.2023,0.0,27697.4296875
0,27.09.2023,0.0,25832.93359375
0,28.09.2023,0.0,26952.169921875
0,29.09.2023,0.0,28233.88671875
0,30.09.2023,0.0,27394.564453125
0,01.10.2023,0.0,28164.498046875
0,02.10.2023,0.0,28178.853515625
0,03.10.2023,0.0,28497.181640625
0,04.10.2023,0.0,25996.69140625
0,05.10.2023,0.0,28488.111328125
0,06.10.2023,0.0,29524.275390625
0,07.10.2023,0.0,29406.7578125
0,08.10.2023,0.0,28084.97265625
0,09.10.2023,0.0,28746.951171875
0,10.10.2023,0.0,27768.095703125
0,11.10.2023,0.0,26947.9453125
0,12.10.2023,0.0,28498.2734375
0,13.10.2023,0.0,29154.63671875
0,14.10.2023,0.0,29003.037109375
0,15.10.2023,0.0,29212.06640625
0,16.10.2023,0.0,30123.16796875
0,17.10.2023,0.0,28143.271484375
0,18.10.2023,0.0,28659.869140625
0,19.10.2023,0.0,28269.849609375
0,20.10.2023,0.0,29973.962890625
0,21.10.2023,0.0,29884.66796875
0,22.10.2023,0.0,29268.96875
0,23.10.2023,0.0,29117.986328125
0,24.10.2023,0.0,29254.767578125
0,25.10.2023,0.0,28111.939453125
0,26.10.2023,0.0,29297.861328125
0,27.10.2023,0.0,30815.265625
0,28.10.2023,0.0,32051.2265625
0,29.10.2023,0.0,30997.005859375
0,30.10.2023,0.0,30406.412109375
0,31.10.2023,0.0,30986.619140625
0,01.11.2023,0.0,30227.125
